city,state_group,response,HIGH_largest_frac__wind10,HIGH_largest_frac__wind100,HIGH_pca_anisotropy__wind10,HIGH_pca_anisotropy__wind100,city_entropy__wind10,city_entropy__wind100,cluster__wind10,cluster__wind100,corridor_persistence_index__wind10,corridor_persistence_index__wind100,critical_band_occupancy__wind10,critical_band_occupancy__wind100,p_c_S__wind10,p_c_S__wind100,vd_occ,vd_persistence,vd_largest_frac,vd_pc,vd_anis,cluster,city_entropy,used_hours_frac,used_months,event_hours_total,valid_points,n_months_with_state,n_hours,blh_mean,gust_mean,shear_mean,wind10_mean,wind100_mean,vd_quadrant,state_class,abs_occ,abs_per,xb,yb,n,joint_hotspot_ratio,is_hotspot_cell
Brazil_SaoPaulo,day,ar1,0.5714285714285307,0.8333333333331945,9.51491356744757,2.9999999999919997,0.7552905660127233,0.7552905660127233,3.0,3.0,1.0,0.8869263770394661,0.1632653061224489,0.1224489795918367,,,-0.0408163265306122,-0.1130736229605339,0.2619047619046638,,-6.5149135674555705,3.0,0.7552905660127233,,,,,132.0,40180.0,623.1976031806449,6.259385559142331,1.1251156270496063,2.439120975972309,3.5642366030219157,,,0.0408163265306122,0.1130736229605339,"(584.868, 727.434]","(0.294, 1.215]",15.0,0.06666666666666667,False
Brazil_SaoPaulo,event_gust_core,ar1,0.538461538461497,0.39999999999992,4.3972138085546355,500000000001.0,0.7552905660127233,0.7552905660127233,3.0,3.0,0.5,0.4143193987917837,0.0,0.0,,,0.0,-0.0856806012082163,-0.138461538461577,,499999999996.6028,3.0,0.7552905660127233,,,,,132.0,1830.0,958.980301912442,9.888460058268738,1.613404408458607,3.961122025326148,5.574526433784754,,,0.0,0.0856806012082163,"(878.688, 1319.167]","(1.215, 1.857]",,,False
Brazil_SaoPaulo,event_gust_lag,ar1,0.3333333333332222,0.7499999999998125,4.009874921976659,2.999999999988,0.7552905660127233,0.7552905660127233,3.0,3.0,0.3333333333333333,0.3243415460203148,0.0,0.0204081632653061,,,0.0204081632653061,-0.0089917873130185,0.4166666666665903,,-1.0098749219886596,3.0,0.7552905660127233,,,,,132.0,10931.0,769.5476095600894,7.829976686438648,1.7039309779995602,3.380295631860047,5.084226609859608,,,0.0204081632653061,0.0089917873130185,"(727.434, 878.688]","(1.215, 1.857]",6.0,0.0,False
Brazil_SaoPaulo,event_gust_leadlag,ar1,0.5652173913043232,0.5555555555554939,3.965370662202306,2.999999999991999,0.7552905660127233,0.7552905660127233,3.0,3.0,0.5,0.8536833898083542,0.0,0.0,,,0.0,0.3536833898083542,-0.0096618357488293,,-0.9653706622103072,3.0,0.7552905660127233,,,,,132.0,22112.0,718.4491595605039,7.936535469221397,1.6307352043535113,3.315520305910339,4.94625551026385,,,0.0,0.3536833898083542,"(584.868, 727.434]","(1.215, 1.857]",,,False
Brazil_SaoPaulo,event_shear_core,ar1,0.39999999999992,0.8636363636363245,500000000001.0,3.3029727314652924,0.7552905660127233,0.7552905660127233,3.0,3.0,0.4219456912956734,1.0,0.0,0.0612244897959183,,,0.0612244897959183,0.5780543087043266,0.4636363636364045,,-499999999997.697,3.0,0.7552905660127233,,,,,132.0,1844.0,384.3879040797155,6.876655824227679,2.6521957635079545,3.271175978267381,5.923371741775336,,,0.0612244897959183,0.5780543087043266,"(104.98899999999999, 469.385]","(2.24, 2.883]",6.0,0.0,False
Brazil_SaoPaulo,event_shear_lag,ar1,0.49999999999975,0.499999999999875,4999722459651.428,500000000001.0,0.7552905660127233,0.7552905660127233,3.0,3.0,1.0,0.5384359796406872,0.0,0.0408163265306122,,,0.0408163265306122,-0.4615640203593127,1.2501111257279265e-13,,-4499722459650.428,3.0,0.7552905660127233,,,,,132.0,10899.0,474.79441576958374,7.073984669964489,2.0703036368971452,3.126861356577954,5.1971649934750985,,,0.0408163265306122,0.4615640203593127,"(469.385, 584.868]","(1.857, 2.24]",,,False
Brazil_SaoPaulo,event_shear_lead,ar1,0.3333333333332222,0.59999999999988,5000000000001.0,1000000000001.0,0.7552905660127233,0.7552905660127233,3.0,3.0,0.3698990976313004,0.5,0.0612244897959183,0.0612244897959183,,,0.0,0.1301009023686996,0.2666666666666578,,-4000000000000.0,3.0,0.7552905660127233,,,,,132.0,10927.0,464.5797861864112,6.867753744707734,2.2430109962961375,3.166085126444911,5.4090961227410475,,,0.0,0.1301009023686996,"(104.98899999999999, 469.385]","(2.24, 2.883]",6.0,0.0,False
Brazil_SaoPaulo,event_shear_leadlag,ar1,0.49999999999975,0.9374999999999416,12497918678439.496,9.556808004089104,0.7552905660127233,0.7552905660127233,3.0,3.0,0.4735550463882773,1.0,0.0204081632653061,0.2448979591836734,,,0.2244897959183673,0.5264449536117227,0.4375000000001916,,-12497918678429.94,3.0,0.7552905660127233,,,,,132.0,21143.0,457.9831641433809,6.852131977152772,2.1445263262647245,3.1048189755055833,5.249345301770307,,,0.2244897959183673,0.5264449536117227,"(104.98899999999999, 469.385]","(1.857, 2.24]",6.0,0.16666666666666666,True
Brazil_SaoPaulo,gust_high,ar1,0.9354838709677118,0.6666666666665555,1.9719792276311217,5.999999999969998,0.7552905660127233,0.7552905660127233,3.0,3.0,1.0,1.0,0.2448979591836734,0.0408163265306122,,,-0.2040816326530612,0.0,-0.2688172043011563,,4.028020772338877,3.0,0.7552905660127233,,,,,132.0,28918.0,785.5192539479115,8.04581456453772,1.5243160657126804,3.324097077360831,4.848413143073511,,,0.2040816326530612,0.0,"(727.434, 878.688]","(1.215, 1.857]",6.0,0.0,False
Brazil_SaoPaulo,gust_shear_compound,ar1,0.89999999999997,0.7142857142856123,2.989026498511943,2500000000001.0,0.7552905660127233,0.7552905660127233,3.0,3.0,0.4166843962417693,1.0,0.0612244897959183,0.0816326530612244,,,0.0204081632653061,0.5833156037582308,-0.1857142857143577,,2499999999998.0107,3.0,0.7552905660127233,,,,,130.0,2160.0,749.9772958160581,10.041191337704834,2.739197183736881,4.494692840483439,7.23389002422032,,,0.0204081632653061,0.5833156037582308,"(727.434, 878.688]","(2.24, 2.883]",8.0,0.125,True
Brazil_SaoPaulo,night,ar1,0.4782608695651966,0.9666666666666344,3.0160714930410344,1.982661528831797,0.7552905660127233,0.7552905660127233,3.0,3.0,0.5543209584208553,0.7169802609728404,0.0,0.0204081632653061,,,0.0204081632653061,0.1626593025519851,0.4884057971014378,,-1.0334099642092374,3.0,0.7552905660127233,,,,,132.0,56252.0,368.9973879611869,5.086096456106616,1.554795684272342,2.334078326933237,3.888874011205578,,,0.0204081632653061,0.1626593025519851,"(104.98899999999999, 469.385]","(1.215, 1.857]",10.0,0.2,True
Brazil_SaoPaulo,shear_extreme,ar1,0.8333333333332871,0.5333333333332978,6.102510668275839,1.230769230768899,0.7552905660127233,0.7552905660127233,3.0,3.0,0.6876756562756603,0.4287877401336361,0.1836734693877551,0.1428571428571428,,,-0.0408163265306123,-0.2588879161420242,-0.2999999999999893,,-4.871741437506939,3.0,0.7552905660127233,,,,,132.0,9697.0,399.50802764994046,7.042695284684424,2.62642394578004,3.302093559013904,5.928517504793943,,,0.0408163265306123,0.2588879161420242,"(104.98899999999999, 469.385]","(2.24, 2.883]",6.0,0.0,False
Brazil_SaoPaulo,shear_weak,ar1,0.499999999999875,0.6666666666664445,500000000001.0,500000000001.0,0.7552905660127233,0.7552905660127233,3.0,3.0,0.7817755929258061,1.0,0.0,0.3265306122448979,,,0.3265306122448979,0.2182244070741938,0.1666666666665694,,0.0,3.0,0.7552905660127233,,,,,132.0,28918.0,695.8353748263147,5.26084401211558,0.6192021908346196,1.889942922365326,2.509145113199945,,,0.3265306122448979,0.2182244070741938,"(584.868, 727.434]","(0.294, 1.215]",15.0,0.06666666666666667,False
Brazil_SaoPaulo,stable_like,ar1,0.79999999999984,0.49999999999975,1.0,8500000000001.0,0.7552905660127233,0.7552905660127233,3.0,3.0,1.0,1.0,0.0408163265306122,0.0816326530612244,,,0.0408163265306122,0.0,-0.30000000000009,,8500000000000.0,3.0,0.7552905660127233,,,,,132.0,21188.0,108.56321794718978,3.60870776576815,1.4207070800040726,1.6942577652927024,3.1149648452967753,,,0.0408163265306122,0.0,"(104.98899999999999, 469.385]","(1.215, 1.857]",10.0,0.2,True
Brazil_SaoPaulo,stable_shear_high,ar1,0.5833333333332847,0.7142857142856632,4.755712981517364,1.612903225805563,0.7552905660127233,0.7552905660127233,3.0,3.0,0.4981873922351778,0.5242838406883193,0.0,0.0,,,0.0,0.0260964484531415,0.1309523809523785,,-3.1428097557118013,3.0,0.7552905660127233,,,,,132.0,5782.0,127.34282616594658,4.383800859953836,2.1345218573255687,2.1203089684023615,4.254830825727929,,,0.0,0.0260964484531415,"(104.98899999999999, 469.385]","(1.857, 2.24]",6.0,0.16666666666666666,True
Brazil_SaoPaulo,unstable_like,ar1,0.692307692307639,0.7777777777777346,8.579742684255232,4.10382593117426,0.7552905660127233,0.7552905660127233,3.0,3.0,0.5140230510745871,0.7133815249361399,0.0612244897959183,0.0204081632653061,,,-0.0408163265306121,0.1993584738615528,0.0854700854700956,,-4.475916753080972,3.0,0.7552905660127233,,,,,132.0,18824.0,1015.2092853809,7.48431453357264,0.9075124427134592,2.7778694829193724,3.685381925632832,,,0.0408163265306121,0.1993584738615528,"(878.688, 1319.167]","(0.294, 1.215]",,,False
China_GBA,day,ar1,0.29999999999997,0.8072289156626409,1000000000001.0,9.295999742639848,0.7865485727103442,0.7865485727103442,3.0,3.0,0.3007741098362076,0.2007101580520053,0.0,0.0549019607843137,0.0156862745098038,0.3725490196078417,0.0549019607843137,-0.1000639517842023,0.5072289156626708,0.3568627450980379,-999999999991.704,3.0,0.7865485727103442,,,,,132.0,40180.0,399.22737594436046,6.339106560734649,1.4331559982366953,3.3061716409761854,4.73932763921288,,,0.0549019607843137,0.1000639517842023,"(104.98899999999999, 469.385]","(1.215, 1.857]",10.0,0.2,True
China_GBA,event_gust_core,ar1,0.9696969696969638,0.2857142857142653,2.6739537479227415,6.854101966203706,0.7865485727103442,0.7865485727103442,3.0,3.0,0.4599847026824019,0.228064883255966,0.0,0.0549019607843137,0.3725490196078417,0.3764705882352926,0.0549019607843137,-0.2319198194264358,-0.6839826839826986,0.0039215686274509,4.180148218280965,3.0,0.7865485727103442,,,,,132.0,1450.0,769.73189359648,11.2094050565493,1.87909482056179,5.5986484958727845,7.477743316434574,,,0.0549019607843137,0.2319198194264358,"(727.434, 878.688]","(1.857, 2.24]",11.0,0.0,False
China_GBA,event_gust_lag,ar1,0.9705882352941104,0.96470588235293,4.566299211572422,4.431859840483734,0.7865485727103442,0.7865485727103442,3.0,3.0,0.6111895412112314,0.2269734977370755,0.2784313725490196,0.0352941176470588,0.2705882352941166,0.2627450980392146,-0.2431372549019608,-0.3842160434741558,-0.0058823529411804,-0.0078431372549019,-0.1344393710886873,3.0,0.7865485727103442,,,,,132.0,8599.0,725.6061130953284,10.025901298049057,1.8715654374191055,5.1354684316682295,7.007033869087336,,,0.2431372549019608,0.3842160434741558,"(584.868, 727.434]","(1.857, 2.24]",,,False
China_GBA,event_gust_lead,ar1,0.8702290076335811,0.4782608695652105,4.127337582058505,5.151948841726467,0.7865485727103442,0.7865485727103442,3.0,3.0,0.2089148482060702,0.5555084153459737,0.2470588235294117,0.0509803921568627,0.443137254901959,0.5803921568627428,-0.196078431372549,0.3465935671399035,-0.3919681380683706,0.1372549019607838,1.024611259667962,3.0,0.7865485727103442,,,,,132.0,8582.0,647.826274074372,10.431624658580638,1.946613793581352,5.247568494243366,7.194182287824717,,,0.196078431372549,0.3465935671399035,"(584.868, 727.434]","(1.857, 2.24]",,,False
China_GBA,event_gust_leadlag,ar1,0.9224137931034404,0.9999999999999928,3.727192800581484,2.361435642617378,0.7865485727103442,0.7865485727103442,3.0,3.0,0.4816979837284357,0.2500602844688046,0.2117647058823529,0.0666666666666666,0.4666666666666648,0.2078431372549011,-0.1450980392156863,-0.2316376992596311,0.0775862068965523,-0.2588235294117637,-1.3657571579641057,3.0,0.7865485727103442,,,,,132.0,16329.0,687.3093218460926,10.137622598880846,1.8655169210542075,5.130503665393305,6.9960205864475125,,,0.1450980392156863,0.2316376992596311,"(584.868, 727.434]","(1.857, 2.24]",,,False
China_GBA,event_shear_core,ar1,0.599999999999976,0.6956521739130375,124.60594044378098,8.83333424447796,0.7865485727103442,0.7865485727103442,3.0,3.0,0.3246973788581007,0.3041970931475424,0.0666666666666666,0.0666666666666666,0.4705882352941158,0.4745098039215668,0.0,-0.0205002857105582,0.0956521739130614,0.0039215686274509,-115.77260619930304,3.0,0.7865485727103442,,,,,132.0,1506.0,531.767858589353,9.280881349059165,2.413670926614978,4.855358504536412,7.269029431151391,,,0.0,0.0205002857105582,"(469.385, 584.868]","(2.24, 2.883]",8.0,0.0,False
China_GBA,event_shear_lag,ar1,0.9369369369369286,0.9999999999999925,6.594385196898559,4.358568662803898,0.7865485727103442,0.7865485727103442,3.0,3.0,0.2346203346093104,0.275393442940453,0.2392156862745098,0.0235294117647058,0.1529411764705876,0.1568627450980386,-0.215686274509804,0.0407731083311425,0.0630630630630638,0.0039215686274509,-2.2358165340946607,3.0,0.7865485727103442,,,,,132.0,8908.0,537.0614332487986,9.26018956585357,2.1003934510276867,4.739472944388192,6.839866395415879,,,0.215686274509804,0.0407731083311425,"(469.385, 584.868]","(1.857, 2.24]",,,False
China_GBA,event_shear_lead,ar1,0.9999999999999932,0.648648648648631,2.313037225328875,5.53477417869661,0.7865485727103442,0.7865485727103442,3.0,3.0,0.9128280941464204,0.2848712363456017,0.0039215686274509,0.0509803921568627,0.4274509803921552,0.2784313725490185,0.0470588235294118,-0.6279568578008188,-0.3513513513513622,-0.1490196078431366,3.221736953367735,3.0,0.7865485727103442,,,,,132.0,8995.0,579.3872427838527,9.313764328947013,2.230873183760243,4.739225167172352,6.970098350932594,,,0.0470588235294118,0.6279568578008188,"(469.385, 584.868]","(1.857, 2.24]",,,False
China_GBA,event_shear_leadlag,ar1,0.9769230769230696,0.7446808510638139,4.780424957238464,10.23861729274952,0.7865485727103442,0.7865485727103442,3.0,3.0,0.2562272459513486,0.3446763525422577,0.0,0.2,0.5098039215686254,0.0235294117647057,0.2,0.0884491065909091,-0.2322422258592557,-0.4862745098039197,5.458192335511057,3.0,0.7865485727103442,,,,,132.0,16704.0,551.1870931518628,9.14649165372141,2.137629886921477,4.673324328443581,6.810954215365056,,,0.2,0.0884491065909091,"(469.385, 584.868]","(1.857, 2.24]",,,False
China_GBA,gust_extreme,ar1,0.9893617021276492,0.9245283018867748,5.4747770953773625,20.199663876165708,0.7865485727103442,0.7865485727103442,3.0,3.0,0.8064893803116547,0.2786909390769014,0.2431372549019607,0.0470588235294117,0.5490196078431351,0.0431372549019606,-0.196078431372549,-0.5277984412347534,-0.0648334002408743,-0.5058823529411745,14.724886780788346,3.0,0.7865485727103442,,,,,132.0,9697.0,747.4075603930506,11.107993577295904,1.9979777643465249,5.6159646687820155,7.613942433128542,,,0.196078431372549,0.5277984412347534,"(727.434, 878.688]","(1.857, 2.24]",11.0,0.0,False
China_GBA,gust_high,ar1,0.999999999999995,0.8088235294117528,1.9992645614080216,1.5065444477930905,0.7865485727103442,0.7865485727103442,3.0,3.0,0.2582188630814617,0.2116845410138749,0.2392156862745098,0.0313725490196078,0.5098039215686254,0.2745098039215675,-0.207843137254902,-0.0465343220675867,-0.1911764705882421,-0.2352941176470579,-0.492720113614931,3.0,0.7865485727103442,,,,,132.0,28918.0,656.754023903922,9.389014626004462,1.687750948077578,4.758560275075407,6.4463112231529855,,,0.207843137254902,0.0465343220675867,"(584.868, 727.434]","(1.215, 1.857]",,,False
China_GBA,gust_shear_compound,ar1,0.8913043478260805,0.8955223880596882,2.548642400209093,13.519874668211374,0.7865485727103442,0.7865485727103442,3.0,3.0,0.6070902134780476,0.5385218146357154,0.0,0.1607843137254902,0.5098039215686254,0.4313725490196061,0.1607843137254902,-0.0685683988423322,0.0042180402336077,-0.0784313725490193,10.97123226800228,3.0,0.7865485727103442,,,,,128.0,3900.0,701.6940158352774,11.490104104690758,2.477895406982914,5.892885371324111,8.370780778307026,,,0.1607843137254902,0.0685683988423322,"(584.868, 727.434]","(2.24, 2.883]",6.0,0.0,False
China_GBA,night,ar1,0.444444444444428,0.9885057471264312,4.103091135961849,1.577530977133996,0.7865485727103442,0.7865485727103442,3.0,3.0,0.2156102980663024,0.2513685309302808,0.0274509803921568,0.0039215686274509,0.3215686274509791,0.3686274509803907,-0.0235294117647059,0.0357582328639783,0.5440613026820033,0.0470588235294116,-2.5255601588278527,3.0,0.7865485727103442,,,,,132.0,56252.0,504.27172469271915,7.056498564070393,1.2108198732160398,3.561340033856637,4.772159907072678,,,0.0235294117647059,0.0357582328639783,"(469.385, 584.868]","(0.294, 1.215]",8.0,0.125,True
China_GBA,shear_extreme,ar1,0.9928057553956764,0.6133333333333252,3.9359982369679054,10.585187946506974,0.7865485727103442,0.7865485727103442,3.0,3.0,0.6148238352944465,0.2607377133254598,0.1764705882352941,0.0039215686274509,0.5450980392156841,0.2941176470588224,-0.1725490196078432,-0.3540861219689867,-0.3794724220623512,-0.2509803921568617,6.649189709539068,3.0,0.7865485727103442,,,,,132.0,9697.0,560.8966787364776,9.573467939409635,2.386711219033294,4.928456211164955,7.315167430198249,,,0.1725490196078432,0.3540861219689867,"(469.385, 584.868]","(2.24, 2.883]",8.0,0.0,False
China_GBA,shear_moderate,ar1,0.8716216216216157,0.3620689655172351,4.522703759359016,4.083010728736543,0.7865485727103442,0.7865485727103442,3.0,3.0,0.5766996607329078,0.1723119471326928,0.5529411764705883,0.0,0.5803921568627428,0.0588235294117644,-0.5529411764705883,-0.4043877136002149,-0.5095526561043806,-0.5215686274509784,-0.4396930306224726,3.0,0.7865485727103442,,,,,132.0,57817.0,432.9156226456731,6.9053575501557205,1.426757048485067,3.59401131079296,5.020768359278028,,,0.5529411764705883,0.4043877136002149,"(104.98899999999999, 469.385]","(1.215, 1.857]",10.0,0.2,True
China_GBA,shear_weak,ar1,0.9999999999999946,0.9024390243902366,2.417884201735403,3.620978619931188,0.7865485727103442,0.7865485727103442,3.0,3.0,1.0,0.1848021152285413,0.6196078431372549,0.2039215686274509,0.678431372549017,0.2549019607843127,-0.415686274509804,-0.8151978847714587,-0.0975609756097579,-0.4235294117647042,1.2030944181957852,3.0,0.7865485727103442,,,,,132.0,28918.0,481.98340091294426,5.517853747094233,0.6937343413374718,2.6830373886749057,3.376771730012378,,,0.415686274509804,0.8151978847714587,"(469.385, 584.868]","(0.294, 1.215]",8.0,0.125,True
China_GBA,unstable_like,ar1,0.9913793103448192,0.517241379310327,4.612580191698319,1.518443893427473,0.7865485727103442,0.7865485727103442,3.0,3.0,0.3255384483464825,0.25,0.1686274509803921,0.1176470588235294,0.5372549019607822,0.1137254901960779,-0.0509803921568627,-0.0755384483464824,-0.4741379310344922,-0.4235294117647042,-3.094136298270846,3.0,0.7865485727103442,,,,,132.0,7828.0,755.966824831143,8.341741324940717,1.5777738385887536,4.34845501517437,5.926228853763124,,,0.0509803921568627,0.0755384483464824,"(727.434, 878.688]","(1.215, 1.857]",6.0,0.0,False
China_JJJ,day,ar1,0.7391304347825766,0.7916666666666338,7.593689485646213,4.9784426275376665,0.8268724575064169,0.8268724575064169,4.0,4.0,0.1012681820763239,0.0910202591738424,0.1680161943319838,0.0283400809716599,0.7550607287449377,0.3522267206477725,-0.1396761133603239,-0.0102479229024814,0.0525362318840572,-0.4028340080971652,-2.615246858108547,4.0,0.8268724575064169,,,,,132.0,40180.0,408.4511033890967,5.627522884671665,1.9600537497485289,2.8665670176307216,4.826620767379251,,,0.1396761133603239,0.0102479229024814,"(104.98899999999999, 469.385]","(1.857, 2.24]",6.0,0.16666666666666666,True
China_JJJ,event_gust_core,ar1,0.6136363636363497,0.4358974358974247,10.74750633315661,2.631484301859145,0.8268724575064169,0.8268724575064169,4.0,4.0,0.0788202353600968,0.0750278617777334,0.0,0.0101214574898785,0.5809716599190271,0.0991902834008095,0.0101214574898785,-0.0037923735823633,-0.1777389277389249,-0.4817813765182176,-8.116022031297465,4.0,0.8268724575064169,,,,,132.0,1634.0,1319.1667087468113,10.764080672522296,1.9937915625202904,5.057030252463815,7.050821814984105,,,0.0101214574898785,0.0037923735823633,"(878.688, 1319.167]","(1.857, 2.24]",7.0,0.0,False
China_JJJ,event_gust_lag,ar1,0.2156862745097996,0.881118881118875,6.058917082410723,13.92319068110303,0.8268724575064169,0.8268724575064169,4.0,4.0,0.0547333863379188,0.10598376654597,0.0141700404858299,0.0263157894736842,0.2105263157894732,0.0931174089068824,0.0121457489878542,0.0512503802080512,0.6654326066090754,-0.1174089068825908,7.864273598692307,4.0,0.8268724575064169,,,,,132.0,9777.0,1017.9221219624868,8.791499251508265,2.2228005579250003,4.285934119370702,6.508734677295703,,,0.0121457489878542,0.0512503802080512,"(878.688, 1319.167]","(1.857, 2.24]",7.0,0.0,False
China_JJJ,event_gust_lead,ar1,0.2075471698113168,0.3399999999999932,2.7702472570881667,5.91831086618798,0.8268724575064169,0.8268724575064169,4.0,4.0,0.0469180397759397,0.0827501939269753,0.0364372469635627,0.0303643724696356,0.0242914979757084,0.1153846153846151,-0.0060728744939271,0.0358321541510356,0.1324528301886764,0.0910931174089067,3.1480636090998133,4.0,0.8268724575064169,,,,,132.0,9738.0,876.3484092735448,9.31997296193523,2.0504496876573812,4.375497897315684,6.425947584973065,,,0.0060728744939271,0.0358321541510356,"(727.434, 878.688]","(1.857, 2.24]",11.0,0.0,False
China_JJJ,event_gust_leadlag,ar1,0.4696969696969626,0.9764705882352884,7.338882345504472,7.331172800016889,0.8268724575064169,0.8268724575064169,4.0,4.0,0.0684396722307459,0.0993005819922507,0.034412955465587,0.0283400809716599,0.0526315789473683,0.0465587044534412,-0.0060728744939271,0.0308609097615047,0.5067736185383258,-0.006072874493927,-0.0077095454875832,4.0,0.8268724575064169,,,,,132.0,19637.0,961.0675196127288,9.04752606650587,2.0834344614947535,4.309605252647823,6.393039714142577,,,0.0060728744939271,0.0308609097615047,"(878.688, 1319.167]","(1.857, 2.24]",7.0,0.0,False
China_JJJ,event_shear_core,ar1,0.9999999999999972,0.6666666666666641,1.7044774112759622,8.350015776502875,0.8268724575064169,0.8268724575064169,4.0,4.0,0.447177146576498,0.111955509998647,0.0,0.0809716599190283,0.0303643724696355,0.4372469635627521,0.0809716599190283,-0.335221636577851,-0.3333333333333331,0.4068825910931166,6.645538365226913,4.0,0.8268724575064169,,,,,132.0,1607.0,422.8030054582814,7.824403098286272,3.1262282337974203,3.968899849795948,7.095128083593367,,,0.0809716599190283,0.335221636577851,"(104.98899999999999, 469.385]","(2.883, 4.361]",6.0,0.0,False
China_JJJ,event_shear_lag,ar1,0.8990384615384572,0.957317073170726,5.5975336315024,6.624978997551029,0.8268724575064169,0.8268724575064169,4.0,4.0,0.084914315971853,0.071040447872785,0.0,0.034412955465587,0.4493927125506063,0.3319838056680155,0.034412955465587,-0.013873868099068,0.0582786116322687,-0.1174089068825908,1.027445366048629,4.0,0.8268724575064169,,,,,132.0,9549.0,492.40483542709615,7.994610372506823,2.6543218613671025,3.9606751145673145,6.6149969759344165,,,0.034412955465587,0.013873868099068,"(469.385, 584.868]","(2.24, 2.883]",8.0,0.0,False
China_JJJ,event_shear_lead,ar1,0.4224137931034447,0.9999999999999974,7.201896522973407,2.0873986854557267,0.8268724575064169,0.8268724575064169,4.0,4.0,0.0569320619275,0.1171479594719756,0.0931174089068826,0.0546558704453441,0.6153846153846141,0.6801619433198366,-0.0384615384615385,0.0602158975444755,0.5775862068965527,0.0647773279352225,-5.11449783751768,4.0,0.8268724575064169,,,,,132.0,9606.0,619.237477317973,7.964060580181944,2.7557401093421854,3.959445534366035,6.715185643708221,,,0.0384615384615385,0.0602158975444755,"(584.868, 727.434]","(2.24, 2.883]",6.0,0.0,False
China_JJJ,event_shear_leadlag,ar1,0.5454545454544959,0.2499999999999875,3.9039359776305065,2500000000001.0,0.8268724575064169,0.8268724575064169,4.0,4.0,0.1672485193433929,0.1355450229599679,0.020242914979757,0.4129554655870445,0.0222672064777327,0.595141700404857,0.3927125506072875,-0.031703496383425,-0.2954545454545084,0.5728744939271243,2499999999997.096,4.0,0.8268724575064169,,,,,132.0,18434.0,550.313466197404,7.888020007656625,2.678715879333287,3.9155080363473007,6.594223915680589,,,0.3927125506072875,0.031703496383425,"(469.385, 584.868]","(2.24, 2.883]",8.0,0.0,False
China_JJJ,gust_extreme,ar1,0.9152542372881304,0.9894366197183064,7.410017444532637,4.062583131396833,0.8268724575064169,0.8268724575064169,4.0,4.0,0.0607118042566967,0.0992861316762918,0.0242914979757085,0.0506072874493927,0.143724696356275,0.1619433198380563,0.0263157894736842,0.0385743274195951,0.074182382430176,0.0182186234817813,-3.347434313135804,4.0,0.8268724575064169,,,,,132.0,9697.0,1241.053203464655,10.583402174454244,2.1319354004287945,5.028330105987982,7.160265506416778,,,0.0263157894736842,0.0385743274195951,"(878.688, 1319.167]","(1.857, 2.24]",7.0,0.0,False
China_JJJ,gust_high,ar1,0.9619047619047596,0.3488372093023174,2.158230233468707,4.362928890304968,0.8268724575064169,0.8268724575064169,4.0,4.0,0.2273749398703703,0.0435227605653605,0.1153846153846153,0.0445344129554655,0.5506072874493916,0.0870445344129552,-0.0708502024291498,-0.1838521793050098,-0.6130675526024423,-0.4635627530364363,2.2046986568362605,4.0,0.8268724575064169,,,,,132.0,28918.0,993.32792908321,8.77666849065307,1.8692504319576944,4.098828304630982,5.968078736588678,,,0.0708502024291498,0.1838521793050098,"(878.688, 1319.167]","(1.857, 2.24]",7.0,0.0,False
China_JJJ,gust_shear_compound,ar1,0.4610389610389581,0.966666666666662,9.02607613880134,8.121263281351549,0.8268724575064169,0.8268724575064169,4.0,4.0,0.102394364426981,0.1485579699071863,0.0364372469635627,0.1376518218623481,0.5526315789473673,0.2165991902834003,0.1012145748987853,0.0461636054802053,0.5056277056277039,-0.3360323886639669,-0.9048128574497908,4.0,0.8268724575064169,,,,,124.0,2196.0,888.6836806014971,10.772763432636673,3.2693871357109394,5.3143679788597975,8.583755114570737,,,0.1012145748987853,0.0461636054802053,"(878.688, 1319.167]","(2.883, 4.361]",18.0,0.0,False
China_JJJ,night,ar1,0.9999999999999972,0.7310924369747838,1.8912014892659144,1.102760294333338,0.8268724575064169,0.8268724575064169,4.0,4.0,0.3663860143813246,0.1007850820284627,0.0910931174089068,0.0809716599190283,0.2004048582995947,0.1214574898785422,-0.0101214574898785,-0.2656009323528619,-0.2689075630252134,-0.0789473684210525,-0.7884411949325763,4.0,0.8268724575064169,,,,,132.0,56252.0,603.8189773447772,6.518243975325605,1.5063194273763694,3.003762243459979,4.510081670836349,,,0.0101214574898785,0.2656009323528619,"(584.868, 727.434]","(1.215, 1.857]",,,False
China_JJJ,shear_extreme,ar1,0.764444444444441,0.6217616580310849,5.559276602933622,13.1864990274924,0.8268724575064169,0.8268724575064169,4.0,4.0,0.1070539206949211,0.0674022708534975,0.2631578947368421,0.2085020242914979,0.4716599190283391,0.5040485829959503,-0.0546558704453442,-0.0396516498414236,-0.1426827864133562,0.0323886639676112,7.627222424558779,4.0,0.8268724575064169,,,,,132.0,9697.0,453.9712780263717,7.949636106755165,3.0896657190377126,3.9958265714445056,7.085492290482218,,,0.0546558704453442,0.0396516498414236,"(104.98899999999999, 469.385]","(2.883, 4.361]",6.0,0.0,False
China_JJJ,shear_moderate,ar1,0.9843260188087742,0.4444444444444418,4.394680046379663,3.796036204615152,0.8268724575064169,0.8268724575064169,4.0,4.0,0.1583481194335748,0.1241233286600876,0.451417004048583,0.0748987854251012,0.0323886639676112,0.0222672064777327,-0.3765182186234818,-0.0342247907734871,-0.5398815743643324,-0.0101214574898785,-0.598643841764511,4.0,0.8268724575064169,,,,,132.0,57817.0,430.6797970410039,5.99510465468596,1.872892378751405,2.992834505390798,4.8657268841422034,,,0.3765182186234818,0.0342247907734871,"(104.98899999999999, 469.385]","(1.857, 2.24]",6.0,0.16666666666666666,True
China_JJJ,shear_weak,ar1,0.29999999999999,0.2749999999999931,2.1427341578126096,1.222222222222013,0.8268724575064169,0.8268724575064169,4.0,4.0,0.0777217843751242,0.0977549479341625,0.0566801619433198,0.2712550607287449,0.1740890688259105,0.0769230769230767,0.2145748987854251,0.0200331635590383,-0.0249999999999969,-0.0971659919028337,-0.9205119355905966,4.0,0.8268724575064169,,,,,132.0,28918.0,728.7487419685046,5.846598716956124,0.8729470343375482,2.5023629325449717,3.37530996688252,,,0.2145748987854251,0.0200331635590383,"(727.434, 878.688]","(0.294, 1.215]",,,False
China_JJJ,stable_like,ar1,0.2280701754385924,0.9965034965034928,10.52167262099519,3.5093319585070777,0.8268724575064169,0.8268724575064169,4.0,4.0,0.0667976330521294,0.1623029901934905,0.1133603238866396,0.1214574898785425,0.0951417004048581,0.0607287449392711,0.0080971659919029,0.0955053571413611,0.7684333210649004,-0.034412955465587,-7.012340662488112,4.0,0.8268724575064169,,,,,132.0,15024.0,104.98978990317129,4.27046163773618,1.657849843437967,2.1668908201393746,3.8247406635773418,,,0.0080971659919029,0.0955053571413611,"(104.98899999999999, 469.385]","(1.215, 1.857]",10.0,0.2,True
China_JJJ,stable_shear_high,ar1,0.823275862068962,0.9393939393939325,5.549039208425097,5.198887765873294,0.8268724575064169,0.8268724575064169,4.0,4.0,0.0770048714913704,0.112379675693607,0.0141700404858299,0.1862348178137652,0.1336032388663965,0.1842105263157891,0.1720647773279353,0.0353748042022366,0.1161180773249704,0.0506072874493926,-0.3501514425518035,4.0,0.8268724575064169,,,,,131.0,3218.0,123.78431296198048,5.274070012600593,2.3850865337695017,2.702770707599744,5.087857241369247,,,0.1720647773279353,0.0353748042022366,"(104.98899999999999, 469.385]","(2.24, 2.883]",6.0,0.0,False
China_JJJ,unstable_like,ar1,0.5454545454545424,0.8983739837398338,1.618221521401325,4.091870594036575,0.8268724575064169,0.8268724575064169,4.0,4.0,0.0797902561251874,0.1775659663355799,0.0587044534412955,0.0465587044534413,0.5587044534412944,0.629554655870444,-0.0121457489878541,0.0977757102103924,0.3529194382852914,0.0708502024291496,2.47364907263525,4.0,0.8268724575064169,,,,,132.0,7634.0,1142.2971423779795,7.742348623205467,1.8167999065754892,3.7606691403974537,5.577469046972943,,,0.0121457489878541,0.0977757102103924,"(878.688, 1319.167]","(1.215, 1.857]",,,False
China_YRD,day,ar1,0.9999999999999232,0.98245614035086,4.150962405037794,1.3674000062062055,0.8109680877453025,0.8109680877453025,4.0,4.0,0.1511180877523083,0.1602593765162673,0.0304347826086956,0.1478260869565217,0.0499999999999998,0.3695652173913035,0.117391304347826,0.0091412887639589,-0.0175438596490631,0.3195652173913036,-2.783562398831589,4.0,0.8109680877453025,,,,,132.0,40180.0,444.5146827778812,6.196583117469299,1.8510993647184608,3.7322851153968823,5.583384480115342,,,0.117391304347826,0.0091412887639589,"(104.98899999999999, 469.385]","(1.215, 1.857]",10.0,0.2,True
China_YRD,event_gust_core,ar1,0.9644444444444402,0.5046728971962593,2.263172699880448,4.752126746633941,0.8109680877453025,0.8109680877453025,4.0,4.0,0.1753003871140244,0.1819319772952256,0.008695652173913,0.0347826086956521,0.5478260869565206,0.1282608695652171,0.026086956521739,0.0066315901812011,-0.4597715472481809,-0.4195652173913035,2.488954046753493,4.0,0.8109680877453025,,,,,132.0,1361.0,935.1107024027784,11.039629515517738,2.204626229344916,6.227368237828543,8.431994467173459,,,0.026086956521739,0.0066315901812011,"(878.688, 1319.167]","(1.857, 2.24]",7.0,0.0,False
China_YRD,event_gust_lag,ar1,0.9964412811387864,0.9999999999999952,1.979204911376964,1.8701841835971231,0.8109680877453025,0.8109680877453025,4.0,4.0,0.3434169255069585,0.1962070606302709,0.2956521739130435,0.05,0.3913043478260861,0.093478260869565,-0.2456521739130435,-0.1472098648766876,0.0035587188612088,-0.2978260869565211,-0.1090207277798409,4.0,0.8109680877453025,,,,,132.0,8113.0,837.6826588483823,9.831860771360256,2.234750760321442,5.708366094933739,7.943116855255181,,,0.2456521739130435,0.1472098648766876,"(727.434, 878.688]","(1.857, 2.24]",11.0,0.0,False
China_YRD,event_gust_lead,ar1,0.9635627530364334,0.9018691588785004,1.8669456982962027,1.7734766716410464,0.8109680877453025,0.8109680877453025,4.0,4.0,0.15362996888004,0.1540374871647804,0.3043478260869565,0.0782608695652174,0.5130434782608684,0.4652173913043468,-0.2260869565217391,0.0004075182847404,-0.0616935941579329,-0.0478260869565215,-0.0934690266551563,4.0,0.8109680877453025,,,,,132.0,8106.0,786.422782170371,10.408878812545048,2.2391962489790775,5.9561535031523185,8.195349752131396,,,0.2260869565217391,0.0004075182847404,"(727.434, 878.688]","(1.857, 2.24]",11.0,0.0,False
China_YRD,event_gust_leadlag,ar1,0.999999999999996,0.917431192660542,1.822395838756204,7.093046510823568,0.8109680877453025,0.8109680877453025,4.0,4.0,0.1929589603345655,0.1580887901615134,0.2978260869565217,0.0978260869565217,0.5673913043478248,0.1413043478260866,-0.1999999999999999,-0.0348701701730521,-0.082568807339454,-0.4260869565217382,5.270650672067363,4.0,0.8109680877453025,,,,,132.0,15022.0,810.1165878002059,10.013902697886392,2.192351835486828,5.754638334605618,7.946990170092445,,,0.1999999999999999,0.0348701701730521,"(727.434, 878.688]","(1.857, 2.24]",11.0,0.0,False
China_YRD,event_shear_core,ar1,0.5316455696202464,0.7075471698113175,3.4178323114349753,2.524627007376039,0.8109680877453025,0.8109680877453025,4.0,4.0,0.1313982443646124,0.142694652223929,0.0521739130434782,0.1456521739130434,0.1673913043478257,0.1369565217391301,0.0934782608695651,0.0112964078593165,0.175901600191071,-0.0304347826086956,-0.8932053040589363,4.0,0.8109680877453025,,,,,132.0,1514.0,511.4549054415973,8.784930235923902,2.9088658373752097,5.326193192720586,8.235059030095796,,,0.0934782608695651,0.0112964078593165,"(469.385, 584.868]","(2.883, 4.361]",,,False
China_YRD,event_shear_lag,ar1,0.9963369963369926,0.8636363636363581,2.067761506372212,4.439727627432909,0.8109680877453025,0.8109680877453025,4.0,4.0,0.3590695688755667,0.1912224945789312,0.2108695652173913,0.0478260869565217,0.5673913043478248,0.1760869565217387,-0.1630434782608696,-0.1678470742966354,-0.1327006327006344,-0.3913043478260861,2.3719661210606966,4.0,0.8109680877453025,,,,,132.0,9022.0,533.7757773930973,8.711872521957872,2.5640401707121434,5.155611517115865,7.719651687828006,,,0.1630434782608696,0.1678470742966354,"(469.385, 584.868]","(2.24, 2.883]",8.0,0.0,False
China_YRD,event_shear_lead,ar1,0.999999999999996,0.8201058201058158,1.5682833979425783,2.1242564055733384,0.8109680877453025,0.8109680877453025,4.0,4.0,0.1376200657124598,0.1888729088667332,0.0065217391304347,0.0956521739130434,0.5021739130434771,0.3086956521739123,0.0891304347826087,0.0512528431542733,-0.1798941798941802,-0.1934782608695648,0.5559730076307601,4.0,0.8109680877453025,,,,,132.0,9070.0,576.2176471475376,8.73235775392998,2.667426276749183,5.214212810707519,7.881639087456702,,,0.0891304347826087,0.0512528431542733,"(469.385, 584.868]","(2.24, 2.883]",8.0,0.0,False
China_YRD,event_shear_leadlag,ar1,0.9999999999999968,0.959677419354831,1.7147971164906708,3.3958612283129437,0.8109680877453025,0.8109680877453025,4.0,4.0,0.2447183843235572,0.1710024158076138,0.0,0.2369565217391304,0.4608695652173902,0.204347826086956,0.2369565217391304,-0.0737159685159433,-0.0403225806451658,-0.2565217391304342,1.6810641118222729,4.0,0.8109680877453025,,,,,132.0,16690.0,548.2221445485784,8.57344999807129,2.576129902203783,5.098948893623342,7.675078795827125,,,0.2369565217391304,0.0737159685159433,"(469.385, 584.868]","(2.24, 2.883]",8.0,0.0,False
China_YRD,gust_extreme,ar1,0.999999999999996,0.647058823529399,1.8208508006827369,3.170500629913036,0.8109680877453025,0.8109680877453025,4.0,4.0,0.2337169801536185,0.1134512620311181,0.3195652173913043,0.058695652173913,0.5043478260869554,0.458695652173912,-0.2608695652173913,-0.1202657181225003,-0.352941176470597,-0.0456521739130433,1.3496498292302992,4.0,0.8109680877453025,,,,,132.0,9697.0,878.952627763784,10.89735685521007,2.3187548099791337,6.24231183061405,8.561066640593186,,,0.2608695652173913,0.1202657181225003,"(878.688, 1319.167]","(2.24, 2.883]",,,False
China_YRD,gust_high,ar1,0.8855721393034782,0.4999999999999974,2.74334545505768,2.47076921843257,0.8109680877453025,0.8109680877453025,4.0,4.0,0.1444831875009913,0.1712888660679895,0.2065217391304347,0.1347826086956521,0.4543478260869555,0.4043478260869556,-0.0717391304347826,0.0268056785669981,-0.3855721393034808,-0.0499999999999999,-0.2725762366251101,4.0,0.8109680877453025,,,,,132.0,28918.0,744.072657726375,9.135573203902611,2.009363453016595,5.237102012824352,7.246465465840946,,,0.0717391304347826,0.0268056785669981,"(727.434, 878.688]","(1.857, 2.24]",11.0,0.0,False
China_YRD,gust_shear_compound,ar1,0.9999999999999964,0.6603773584905599,1.6711613559701728,1.2595622953391892,0.8109680877453025,0.8109680877453025,4.0,4.0,0.3488220078604906,0.1662981008479934,0.0,0.067391304347826,0.6043478260869551,0.0434782608695651,0.067391304347826,-0.1825239070124972,-0.3396226415094365,-0.5608695652173901,-0.4115990606309836,4.0,0.8109680877453025,,,,,131.0,3487.0,764.0224406406327,11.266306928637295,2.9691355374732193,6.583375375285575,9.552510912758796,,,0.067391304347826,0.1825239070124972,"(727.434, 878.688]","(2.883, 4.361]",,,False
China_YRD,night,ar1,0.9857142857142716,0.4753086419753057,1.7481145380498209,5.0679951267779035,0.8109680877453025,0.8109680877453025,4.0,4.0,0.1733998954325105,0.1219202354619925,0.0413043478260869,0.208695652173913,0.4239130434782599,0.1521739130434779,0.1673913043478261,-0.0514796599705179,-0.5104056437389659,-0.271739130434782,3.3198805887280827,4.0,0.8109680877453025,,,,,132.0,56252.0,558.4191087156667,6.7663873111458175,1.4668113730352572,3.792844663236101,5.259656036271358,,,0.1673913043478261,0.0514796599705179,"(469.385, 584.868]","(1.215, 1.857]",10.0,0.0,False
China_YRD,shear_extreme,ar1,0.9999999999999962,0.8866995073891583,2.112201581511331,2.805488439245747,0.8109680877453025,0.8109680877453025,4.0,4.0,0.3130072780577375,0.134168086377784,0.217391304347826,0.0130434782608695,0.5586956521739118,0.4521739130434772,-0.2043478260869565,-0.1788391916799535,-0.1133004926108379,-0.1065217391304346,0.693286857734416,4.0,0.8109680877453025,,,,,132.0,9697.0,529.6850327937907,8.960648351687427,2.891206081273899,5.392067590704592,8.283273671978492,,,0.2043478260869565,0.1788391916799535,"(469.385, 584.868]","(2.883, 4.361]",,,False
China_YRD,shear_moderate,ar1,0.3653846153846136,0.6803278688524534,2.772760380868283,1.6434242478406822,0.8109680877453025,0.8109680877453025,4.0,4.0,0.0626414402571319,0.1265326387403986,0.2108695652173913,0.0804347826086956,0.3260869565217384,0.1391304347826084,-0.1304347826086957,0.0638911984832667,0.3149432534678398,-0.18695652173913,-1.1293361330276008,4.0,0.8109680877453025,,,,,132.0,57817.0,471.3866825992585,6.61696500842373,1.8027335703927037,3.913999673490295,5.716733243882999,,,0.1304347826086957,0.0638911984832667,"(469.385, 584.868]","(1.215, 1.857]",10.0,0.0,False
China_YRD,shear_weak,ar1,0.8235294117646897,0.4224137931034447,2.5162003515314817,2.886324214209933,0.8109680877453025,0.8109680877453025,4.0,4.0,0.1236086417223279,0.2194761047952144,0.1826086956521739,0.1804347826086956,0.2326086956521734,0.1086956521739128,-0.0021739130434783,0.0958674630728865,-0.401115618661245,-0.1239130434782606,0.3701238626784513,4.0,0.8109680877453025,,,,,132.0,28918.0,583.81944865753,5.537895596612581,0.8515613406797182,2.93035901415653,3.7819203548362488,,,0.0021739130434783,0.0958674630728865,"(469.385, 584.868]","(0.294, 1.215]",8.0,0.125,True
China_YRD,stable_like,ar1,0.9305555555555513,0.8780487804877942,1.498630047454251,4.904245132917645,0.8109680877453025,0.8109680877453025,4.0,4.0,0.3008351053400637,0.0847113758229822,0.2565217391304348,0.158695652173913,0.4695652173913033,0.3891304347826078,-0.0978260869565218,-0.2161237295170814,-0.052506775067757,-0.0804347826086955,3.405615085463394,4.0,0.8109680877453025,,,,,132.0,14394.0,220.170761805086,4.741488396926244,1.559025266229615,2.804806608101312,4.363831874330927,,,0.0978260869565218,0.2161237295170814,"(104.98899999999999, 469.385]","(1.215, 1.857]",10.0,0.2,True
China_YRD,stable_shear_high,ar1,0.7853881278538777,0.9920634920634842,2.268641430829484,2.8171003592694275,0.8109680877453025,0.8109680877453025,4.0,4.0,0.3629286190277453,0.2597644144709002,0.0021739130434782,0.2413043478260869,0.476086956521738,0.2391304347826081,0.2391304347826087,-0.1031642045568451,0.2066753642096065,-0.2369565217391299,0.5484589284399433,4.0,0.8109680877453025,,,,,130.0,3222.0,236.7183143497814,5.798651418255748,2.322715193932965,3.5771043110887963,5.89981950502176,,,0.2391304347826087,0.1031642045568451,"(104.98899999999999, 469.385]","(2.24, 2.883]",6.0,0.0,False
China_YRD,unstable_like,ar1,0.9724770642201792,0.9840637450199164,2.51871311726213,1.9487524988541072,0.8109680877453025,0.8109680877453025,4.0,4.0,0.1635841158658637,0.2909422047864886,0.2456521739130434,0.1565217391304348,0.1586956521739126,0.1065217391304345,-0.0891304347826086,0.1273580889206249,0.0115866807997372,-0.0521739130434781,-0.569960618408023,4.0,0.8109680877453025,,,,,132.0,7993.0,851.9839041321093,8.252746927854032,1.850351384948267,4.847350209832979,6.697701594781246,,,0.0891304347826086,0.1273580889206249,"(727.434, 878.688]","(1.215, 1.857]",6.0,0.0,False
India_DelhiNCR,event_shear_core,ar1,0.9999999999999444,0.6666666666664445,4.880826429226795,500000000001.0,0.7575639198945274,0.7575639198945274,4.0,4.0,0.25,1.0,0.0,0.0,,,0.0,0.75,-0.3333333333334999,,499999999996.1192,4.0,0.7575639198945274,,,,,132.0,1828.0,231.80104720484783,5.212002849152611,3.570372515281791,3.1542658426014096,6.7246383578832,,,0.0,0.75,"(104.98899999999999, 469.385]","(2.883, 4.361]",6.0,0.0,False
India_DelhiNCR,event_shear_lead,ar1,0.9666666666666344,0.9999999999999,2.077254380541021,3.9253956696161856,0.7575639198945274,0.7575639198945274,4.0,4.0,1.0,1.0,0.0,0.0,,,0.0,0.0,0.0333333333332656,,1.8481412890751647,4.0,0.7575639198945274,,,,,132.0,10856.0,379.7307162880684,5.010325703045315,2.8962236937049104,2.8889933084305657,5.785217002135476,,,0.0,0.0,"(104.98899999999999, 469.385]","(2.883, 4.361]",6.0,0.0,False
India_DelhiNCR,event_shear_leadlag,ar1,0.9999999999999668,0.5882352941176126,2.725944708508505,22.154863183137564,0.7575639198945274,0.7575639198945274,4.0,4.0,1.0,1.0,0.625,0.125,,,-0.5,0.0,-0.4117647058823542,,19.42891847462906,4.0,0.7575639198945274,,,,,132.0,21612.0,346.2904407222963,5.315121470964293,2.8265306804131103,3.006472462556301,5.833003142969411,,,0.5,0.0,"(104.98899999999999, 469.385]","(2.24, 2.883]",6.0,0.0,False
India_DelhiNCR,gust_shear_compound,ar1,0.999999999999875,0.9166666666666284,4.999999999986001,2.0471489444567066,0.7575639198945274,0.7575639198945274,4.0,4.0,1.0,1.0,0.1041666666666666,0.3958333333333333,,,0.2916666666666667,0.0,-0.0833333333332465,,-2.952851055529295,4.0,0.7575639198945274,,,,,83.0,683.0,501.5159203598671,8.300094963746186,3.67083243910369,4.6030677480488515,8.273900187152542,,,0.2916666666666667,0.0,"(469.385, 584.868]","(2.883, 4.361]",,,False
India_DelhiNCR,shear_weak,ar1,0.9999999999996666,0.9999999999998572,2.9999999999880003,1.166666666666375,0.7575639198945274,0.7575639198945274,4.0,4.0,1.0,0.7081022050152135,0.0,0.0,,,0.0,-0.2918977949847865,1.9062529332813938e-13,,-1.8333333333216253,4.0,0.7575639198945274,,,,,132.0,28918.0,862.8584683857667,4.67384661758244,0.5058464230003956,1.8108051877294071,2.3166516107298025,,,0.0,0.2918977949847865,"(727.434, 878.688]","(0.294, 1.215]",,,False
Japan_Kanto,day,ar1,0.7777777777777561,0.5454545454544959,5.704266987042066,2.6666666666611114,0.8836883327802482,0.8836883327802482,1.0,1.0,0.3746802097016097,0.3250194208988231,0.0,0.0,0.11111111111111,0.37373737373737,0.0,-0.0496607888027866,-0.2323232323232602,0.26262626262626,-3.037600320380955,1.0,0.8836883327802482,,,,,132.0,40180.0,458.02372911909464,7.027798121776841,1.4624534694212008,3.989340135969495,5.451793605390697,,,0.0,0.0496607888027866,"(104.98899999999999, 469.385]","(1.215, 1.857]",10.0,0.2,True
Japan_Kanto,event_gust_core,ar1,0.8823529411764446,0.666666666666642,3.1368327537424587,3.872950819668527,0.8836883327802482,0.8836883327802482,1.0,1.0,0.3857661437578762,0.407782150706937,0.0,0.0101010101010101,0.5151515151515099,0.29292929292929,0.0101010101010101,0.0220160069490608,-0.2156862745098026,-0.2222222222222199,0.7361180659260684,1.0,0.8836883327802482,,,,,132.0,1423.0,970.7022465067596,13.217651441065446,2.372505883827705,6.9276680935382675,9.300173977365972,,,0.0101010101010101,0.0220160069490608,"(878.688, 1319.167]","(2.24, 2.883]",,,False
Japan_Kanto,event_gust_lag,ar1,0.6969696969696865,0.7499999999999375,2.704536389822682,1.9321872731768588,0.8836883327802482,0.8836883327802482,1.0,1.0,1.0,0.3641916049082967,0.2828282828282828,0.0202020202020202,0.29292929292929,0.4040404040404,-0.2626262626262626,-0.6358083950917033,0.053030303030251,0.11111111111111,-0.7723491166458234,1.0,0.8836883327802482,,,,,132.0,8441.0,850.4227538116777,11.446779391194992,2.2405011977496616,6.319801425248031,8.560302622997693,,,0.2626262626262626,0.6358083950917033,"(727.434, 878.688]","(2.24, 2.883]",8.0,0.125,True
Japan_Kanto,event_gust_lead,ar1,0.2499999999999791,0.59999999999994,2.999999999988,4.124999999988281,0.8836883327802482,0.8836883327802482,1.0,1.0,0.1666302629899337,0.568501904427979,0.2323232323232323,0.0909090909090909,0.1010101010101,0.15151515151515,-0.1414141414141413,0.4018716414380453,0.3499999999999609,0.05050505050505,1.1250000000002816,1.0,0.8836883327802482,,,,,132.0,8452.0,854.0688463222883,12.136888430474226,2.263067670665792,6.479964120282699,8.743031790948493,,,0.1414141414141413,0.4018716414380453,"(727.434, 878.688]","(2.24, 2.883]",8.0,0.125,True
Japan_Kanto,event_gust_leadlag,ar1,0.39999999999992,0.9166666666665902,500000000001.0,2.8153435483722564,0.8836883327802482,0.8836883327802482,1.0,1.0,0.3094946844622153,0.3711930393831618,0.3232323232323232,0.1212121212121212,0.64646464646464,0.16161616161616,-0.202020202020202,0.0616983549209465,0.5166666666666703,-0.48484848484848,-499999999998.18463,1.0,0.8836883327802482,,,,,132.0,15694.0,850.2663345244777,11.67445355498189,2.1947474709135952,6.2993641048609135,8.494111575774507,,,0.202020202020202,0.0616983549209465,"(727.434, 878.688]","(1.857, 2.24]",11.0,0.0,False
Japan_Kanto,event_shear_core,ar1,0.3499999999999825,0.9285714285713956,11.079813802868255,2.5063327554344537,0.8836883327802482,0.8836883327802482,1.0,1.0,0.2567435415862761,0.9843946217468348,0.0505050505050505,0.202020202020202,0.01010101010101,0.21212121212121,0.1515151515151515,0.7276510801605587,0.5785714285714132,0.2020202020202,-8.573481047433802,1.0,0.8836883327802482,,,,,132.0,1503.0,728.653135933012,11.759824007926506,2.730814299502168,6.760893646443761,9.491707945945931,,,0.1515151515151515,0.7276510801605587,"(727.434, 878.688]","(2.24, 2.883]",8.0,0.125,True
Japan_Kanto,event_shear_lag,ar1,0.9787234042552982,0.727272727272714,7.484999079739312,4.9749254420043645,0.8836883327802482,0.8836883327802482,1.0,1.0,0.6469317111571397,0.5194070014620121,0.2727272727272727,0.0202020202020202,0.32323232323232,0.1010101010101,-0.2525252525252525,-0.1275247096951275,-0.2514506769825843,-0.22222222222222,-2.5100736377349477,1.0,0.8836883327802482,,,,,132.0,8936.0,698.0373768719008,10.911181030112637,2.264704096802709,6.029223608392541,8.29392770519525,,,0.2525252525252525,0.1275247096951275,"(584.868, 727.434]","(2.24, 2.883]",6.0,0.0,False
Japan_Kanto,event_shear_lead,ar1,0.8888888888888691,0.8571428571427346,6.3050333652492485,2.6666666666611114,0.8836883327802482,0.8836883327802482,1.0,1.0,0.283318160571475,0.4669269162359477,0.0303030303030303,0.1515151515151515,0.02020202020202,0.07070707070707,0.1212121212121211,0.1836087556644726,-0.0317460317461344,0.05050505050505,-3.638366698588137,1.0,0.8836883327802482,,,,,132.0,8994.0,788.2890728969809,11.698300084567451,2.4560659382857843,6.471904491639625,8.92797042992541,,,0.1212121212121211,0.1836087556644726,"(727.434, 878.688]","(2.24, 2.883]",8.0,0.125,True
Japan_Kanto,event_shear_leadlag,ar1,0.7428571428571216,0.3111111111111042,4.71058362003031,15.999999999944288,0.8836883327802482,0.8836883327802482,1.0,1.0,0.6143907638148365,0.7534701785341416,0.0909090909090909,0.1515151515151515,0.52525252525252,0.5555555555555499,0.0606060606060605,0.139079414719305,-0.4317460317460174,0.0303030303030299,11.289416379913977,1.0,0.8836883327802482,,,,,132.0,16520.0,734.4422268965566,11.1287014803964,2.3242738620629044,6.17103853092991,8.495312392992815,,,0.0606060606060605,0.139079414719305,"(727.434, 878.688]","(2.24, 2.883]",8.0,0.125,True
Japan_Kanto,gust_extreme,ar1,0.812499999999983,0.79999999999984,2.2796918486588837,1666666666667.6667,0.8836883327802482,0.8836883327802482,1.0,1.0,0.5053817472710584,0.4906774145448551,0.3535353535353535,0.0202020202020202,0.05050505050505,0.05050505050505,-0.3333333333333332,-0.0147043327262033,-0.012500000000143,0.0,1666666666665.387,1.0,0.8836883327802482,,,,,132.0,9697.0,936.6926770653878,12.940997480131472,2.4431358733957307,6.9301066545129,9.37324252790863,,,0.3333333333333332,0.0147043327262033,"(878.688, 1319.167]","(2.24, 2.883]",,,False
Japan_Kanto,gust_high,ar1,0.6222222222222084,0.7142857142856939,4.6130431888313685,13.387521101478011,0.8836883327802482,0.8836883327802482,1.0,1.0,0.4715515309232858,0.6184357850351967,0.3434343434343434,0.1515151515151515,0.36363636363636,0.2020202020202,-0.1919191919191919,0.1468842541119109,0.0920634920634855,-0.16161616161616,8.774477912646642,1.0,0.8836883327802482,,,,,132.0,28918.0,802.3600153464008,10.684363951369557,1.9269381511642143,5.7815484179785015,7.708486569142716,,,0.1919191919191919,0.1468842541119109,"(727.434, 878.688]","(1.857, 2.24]",11.0,0.0,False
Japan_Kanto,gust_shear_compound,ar1,0.999999999999972,0.7777777777777346,12.571995113736223,20.178571428509105,0.8836883327802482,0.8836883327802482,1.0,1.0,0.3349355268501153,0.4951271222249875,0.0,0.0202020202020202,0.23232323232323,0.05050505050505,0.0202020202020202,0.1601915953748722,-0.2222222222222374,-0.18181818181818,7.606576314772882,1.0,0.8836883327802482,,,,,132.0,5943.0,859.2728893046927,13.392342923441843,2.852399690582076,7.3790780456514815,10.231477736233558,,,0.0202020202020202,0.1601915953748722,"(727.434, 878.688]","(2.24, 2.883]",8.0,0.125,True
Japan_Kanto,night,ar1,0.9999999999999232,0.8999999999999775,6.426382481188633,3.475302496689903,0.8836883327802482,0.8836883327802482,1.0,1.0,0.413579691171548,0.3919952157202479,0.1212121212121212,0.1111111111111111,0.13131313131313,0.25252525252525,-0.01010101010101,-0.0215844754513001,-0.0999999999999456,0.12121212121212,-2.95107998449873,1.0,0.8836883327802482,,,,,132.0,56252.0,666.3785776203233,7.712591076352295,1.1557722748168309,4.0206938705044495,5.176466145321282,,,0.01010101010101,0.0215844754513001,"(584.868, 727.434]","(0.294, 1.215]",15.0,0.06666666666666667,False
Japan_Kanto,shear_extreme,ar1,0.8292682926829066,0.49999999999975,6.251853049368298,10000000000001.0,0.8836883327802482,0.8836883327802482,1.0,1.0,0.5152831812551251,0.2969115520492015,0.2525252525252525,0.0101010101010101,0.25252525252525,0.02020202020202,-0.2424242424242423,-0.2183716292059235,-0.3292682926831566,-0.23232323232323,9999999999994.748,1.0,0.8836883327802482,,,,,132.0,9697.0,757.3164148506901,12.05477278827739,2.6867124006874716,6.769336630095128,9.4560490307826,,,0.2424242424242423,0.2183716292059235,"(727.434, 878.688]","(2.24, 2.883]",8.0,0.125,True
Japan_Kanto,shear_moderate,ar1,0.7812499999999756,0.59999999999997,3.079572417457116,2.3091383618670367,0.8836883327802482,0.8836883327802482,1.0,1.0,0.5659754828199322,0.2938137101683288,0.2525252525252525,0.0303030303030303,0.43434343434343,0.09090909090909,-0.2222222222222221,-0.2721617726516033,-0.1812500000000055,-0.34343434343434,-0.7704340555900795,1.0,0.8836883327802482,,,,,132.0,57817.0,565.8526571093086,7.608524254557442,1.3920307242928376,4.220312969112969,5.612343693405807,,,0.2222222222222221,0.2721617726516033,"(469.385, 584.868]","(1.215, 1.857]",10.0,0.0,False
Japan_Kanto,shear_weak,ar1,0.999999999999983,0.999999999999972,1.9772836842875456,3.750867579791173,0.8836883327802482,0.8836883327802482,1.0,1.0,0.3929478063286733,0.4075093434945054,0.1111111111111111,0.0505050505050505,0.09090909090909,0.29292929292929,-0.0606060606060606,0.014561537165832,-1.0991207943789051e-14,0.2020202020202,1.7735838955036272,1.0,0.8836883327802482,,,,,132.0,28918.0,547.3660686273968,5.513303824001747,0.5961957518676407,2.6564206104814323,3.252616362349073,,,0.0606060606060606,0.014561537165832,"(469.385, 584.868]","(0.294, 1.215]",8.0,0.125,True
Japan_Kanto,stable_like,ar1,0.9374999999999803,0.6129032258064319,1.9625510668204216,2.379619974307561,0.8836883327802482,0.8836883327802482,1.0,1.0,0.5148452666519925,0.2601016915582388,0.3737373737373737,0.1818181818181818,0.05050505050505,0.31313131313131,-0.1919191919191919,-0.2547435750937536,-0.3245967741935485,0.26262626262626,0.4170689074871392,1.0,0.8836883327802482,,,,,132.0,12758.0,282.9355138074256,5.4187729472312185,0.919628640970026,2.8829262901086636,3.802554931078689,,,0.1919191919191919,0.2547435750937536,"(104.98899999999999, 469.385]","(0.294, 1.215]",6.0,0.0,False
Japan_Kanto,stable_shear_high,ar1,0.999999999999986,0.9259259259259088,1.3415509241512775,2.37659568929648,0.8836883327802482,0.8836883327802482,1.0,1.0,0.8452466791842914,0.625921320686454,0.0303030303030303,0.3939393939393939,0.11111111111111,0.42424242424242,0.3636363636363636,-0.2193253584978374,-0.0740740740740771,0.31313131313131,1.0350447651452024,1.0,0.8836883327802482,,,,,124.0,1075.0,329.5112022648991,7.659175187462067,1.776780815918334,4.4083823206573625,6.185163136575695,,,0.3636363636363636,0.2193253584978374,"(104.98899999999999, 469.385]","(1.215, 1.857]",10.0,0.2,True
Japan_Kanto,unstable_like,ar1,0.9999999999998,0.5624999999999823,12.359087880053472,3.393475101825044,0.8836883327802482,0.8836883327802482,1.0,1.0,0.4679934493752695,0.4221027398151609,0.2121212121212121,0.0909090909090909,0.56565656565656,0.2020202020202,-0.1212121212121212,-0.0458907095601086,-0.4374999999998177,-0.36363636363636,-8.96561277822843,1.0,0.8836883327802482,,,,,132.0,4711.0,847.3115791434426,10.691058582964311,2.2222176414702783,6.024302726781047,8.246520368251327,,,0.1212121212121212,0.0458907095601086,"(727.434, 878.688]","(1.857, 2.24]",11.0,0.0,False
Nigeria_Lagos,day,ar1,0.5999999999999829,0.69999999999993,5.999999999992858,4666666666667.667,0.8255331963070904,0.8255331963070904,1.0,1.0,1.0,0.5843363112050382,0.0,0.0,,,0.0,-0.4156636887949618,0.0999999999999471,,4666666666661.667,1.0,0.8255331963070904,,,,,132.0,40180.0,660.3781120227013,6.4328873458557885,0.693162136552708,3.2099344866655235,3.9030966232182305,,,0.0,0.4156636887949618,"(584.868, 727.434]","(0.294, 1.215]",15.0,0.06666666666666667,False
Nigeria_Lagos,event_gust_leadlag,ar1,0.9545454545454112,0.6666666666664445,5.999999999992858,500000000001.0,0.8255331963070904,0.8255331963070904,1.0,1.0,1.0,0.5461894708977321,0.5,0.0,,,-0.5,-0.4538105291022679,-0.2878787878789667,,499999999995.0,1.0,0.8255331963070904,,,,,132.0,28083.0,601.5078987915276,6.958147777732253,1.0958445395774776,3.882933923119377,4.978778462696854,,,0.5,0.4538105291022679,"(584.868, 727.434]","(0.294, 1.215]",15.0,0.06666666666666667,False
Nigeria_Lagos,event_shear_lag,ar1,0.7499999999999732,0.79999999999984,5.999999999992858,1.0,0.8255331963070904,0.8255331963070904,1.0,1.0,1.0,0.4978047542939597,0.5,0.0,,,-0.5,-0.5021952457060403,0.0499999999998667,,-4.999999999992858,1.0,0.8255331963070904,,,,,132.0,14362.0,424.81369144237215,5.898944107351421,1.3520126056957025,3.757924765610508,5.10993737130621,,,0.5,0.5021952457060403,"(104.98899999999999, 469.385]","(1.215, 1.857]",10.0,0.2,True
Nigeria_Lagos,gust_shear_compound,ar1,0.9666666666666344,0.6666666666665555,2.0501029512691473,1666666666667.6667,0.8255331963070904,0.8255331963070904,1.0,1.0,1.0,1.0,0.0,0.0476190476190476,,,0.0476190476190476,0.0,-0.3000000000000788,,1666666666665.6167,1.0,0.8255331963070904,,,,,130.0,1892.0,528.6064354334876,8.03992161916439,1.7437807837554338,4.970781610270164,6.714562394025595,,,0.0476190476190476,0.0,"(469.385, 584.868]","(1.215, 1.857]",10.0,0.0,False
Nigeria_Lagos,shear_weak,ar1,0.99999999999975,0.49999999999975,1666666666667.6667,19995560093759.727,0.8255331963070904,0.8255331963070904,1.0,1.0,1.0,1.0,0.4285714285714285,0.2142857142857142,,,-0.2142857142857143,0.0,-0.5,,18328893427092.06,1.0,0.8255331963070904,,,,,132.0,28918.0,625.4525460225385,5.544751225010545,0.4996570266533188,2.5608440082979302,3.060501034951249,,,0.2142857142857143,0.0,"(584.868, 727.434]","(0.294, 1.215]",15.0,0.06666666666666667,False
Singapore_Johor_Riau,day,ar1,0.9999999999999,0.9999999999998334,3.714852889491358,6.950829243242699,0.74267915111418,0.74267915111418,2.0,2.0,0.5,0.4990677267335048,0.2,0.0,,,-0.2,-0.0009322732664951,-6.661338147750939e-14,,3.2359763537513406,2.0,0.74267915111418,,,,,132.0,40180.0,468.88424314347424,5.340393420319242,0.7182815226381772,3.326355387874476,4.0446369105126525,,,0.2,0.0009322732664951,"(104.98899999999999, 469.385]","(0.294, 1.215]",6.0,0.0,False
Singapore_Johor_Riau,event_gust_core,ar1,0.6666666666664445,0.6666666666664445,500000000001.0,500000000001.0,0.74267915111418,0.74267915111418,2.0,2.0,0.4217575420535026,0.8315658282361841,0.0,0.0285714285714285,,,0.0285714285714285,0.4098082861826815,0.0,,0.0,2.0,0.74267915111418,,,,,132.0,1933.0,646.3913137774904,8.355801537479875,0.93441255259836,5.021706811886678,5.956119364485038,,,0.0285714285714285,0.4098082861826815,"(584.868, 727.434]","(0.294, 1.215]",15.0,0.06666666666666667,False
Singapore_Johor_Riau,event_gust_lag,ar1,0.7499999999999063,0.6666666666665926,6.950829243242699,6.950829243242699,0.74267915111418,0.74267915111418,2.0,2.0,0.3545020783337161,0.3282314155090802,0.0285714285714285,0.0571428571428571,,,0.0285714285714286,-0.0262706628246359,-0.0833333333333137,,0.0,2.0,0.74267915111418,,,,,132.0,11512.0,614.3455490371325,7.181902041623155,0.9068174068350776,4.51643386873559,5.423251275570666,,,0.0285714285714286,0.0262706628246359,"(584.868, 727.434]","(0.294, 1.215]",15.0,0.06666666666666667,False
Singapore_Johor_Riau,event_gust_lead,ar1,0.8571428571427346,0.79999999999984,6.950829243242699,5.999999999969998,0.74267915111418,0.74267915111418,2.0,2.0,0.4016906363247877,0.4555373514715006,0.0285714285714285,0.0857142857142857,,,0.0571428571428572,0.0538467151467129,-0.0571428571428946,,-0.9508292432727004,2.0,0.74267915111418,,,,,132.0,11500.0,588.3453986067489,7.358308686873281,0.9235465843111328,4.665207103644027,5.588753687955162,,,0.0571428571428572,0.0538467151467129,"(584.868, 727.434]","(0.294, 1.215]",15.0,0.06666666666666667,False
Singapore_Johor_Riau,event_gust_leadlag,ar1,0.9999999999995,0.8333333333331945,500000000001.0,2.999999999992,0.74267915111418,0.74267915111418,2.0,2.0,0.6325870287283547,0.3544533978444102,0.0285714285714285,0.1142857142857142,,,0.0857142857142857,-0.2781336308839445,-0.1666666666663054,,-499999999998.0,2.0,0.74267915111418,,,,,132.0,22291.0,599.5309034418315,7.283705112697817,0.9053455678424472,4.574396688714206,5.479742256556654,,,0.0857142857142857,0.2781336308839445,"(584.868, 727.434]","(0.294, 1.215]",15.0,0.06666666666666667,False
Singapore_Johor_Riau,event_shear_core,ar1,0.499999999999875,0.99999999999995,500000000001.0,1.5028944891798484,0.74267915111418,0.74267915111418,2.0,2.0,0.3775483275596511,0.5120452618839055,0.0,0.0571428571428571,,,0.0571428571428571,0.1344969343242544,0.500000000000075,,-499999999999.49713,2.0,0.74267915111418,,,,,132.0,2075.0,552.3428748697601,6.935835352747183,1.266330348540959,4.960859534303515,6.227189882844475,,,0.0571428571428571,0.1344969343242544,"(469.385, 584.868]","(1.215, 1.857]",10.0,0.0,False
Singapore_Johor_Riau,event_shear_lag,ar1,0.2499999999999375,0.8571428571427346,2.074117158016542,6.950829243242699,0.74267915111418,0.74267915111418,2.0,2.0,0.8273888810263181,0.5,0.0285714285714285,0.0,,,-0.0285714285714285,-0.3273888810263181,0.6071428571427971,,4.876712085226156,2.0,0.74267915111418,,,,,132.0,12305.0,547.3017107338608,6.843573244312927,1.0003146211382177,4.493635141638359,5.493949762776576,,,0.0285714285714285,0.3273888810263181,"(469.385, 584.868]","(0.294, 1.215]",8.0,0.125,True
Singapore_Johor_Riau,event_shear_lead,ar1,0.7499999999998125,0.8571428571427346,2.9999999999879994,2.1981787090902944,0.74267915111418,0.74267915111418,2.0,2.0,0.8983754540855836,0.3333333333333333,0.0,0.0571428571428571,,,0.0571428571428571,-0.5650421207522502,0.1071428571429221,,-0.8018212908977049,2.0,0.74267915111418,,,,,132.0,12373.0,555.7780181833051,6.735502071318197,1.0278032011495044,4.458732336044022,5.486535537193526,,,0.0571428571428571,0.5650421207522502,"(469.385, 584.868]","(0.294, 1.215]",8.0,0.125,True
Singapore_Johor_Riau,gust_extreme,ar1,0.49999999999975,0.4999999999999167,2000000000001.0,2.999999999988,0.74267915111418,0.74267915111418,2.0,2.0,0.6366967235358226,0.5811459826996533,0.0285714285714285,0.0571428571428571,,,0.0285714285714286,-0.0555507408361692,1.6669998714746725e-13,,-1999999999998.0,2.0,0.74267915111418,,,,,132.0,9697.0,650.4877036456546,8.226141092202862,0.9732334517098162,5.089609564892736,6.062843016602552,,,0.0285714285714286,0.0555507408361692,"(584.868, 727.434]","(0.294, 1.215]",15.0,0.06666666666666667,False
Singapore_Johor_Riau,gust_high,ar1,0.8571428571427346,0.3333333333332777,6.950829243242699,500000000001.0,0.74267915111418,0.74267915111418,2.0,2.0,0.4222126053438909,0.3333333333333333,0.2571428571428571,0.1142857142857142,,,-0.1428571428571429,-0.0888792720105575,-0.5238095238094569,,499999999994.0492,2.0,0.74267915111418,,,,,132.0,28918.0,593.1245680465636,7.294299977046122,0.8781391159162358,4.51699682913771,5.395135945053946,,,0.1428571428571429,0.0888792720105575,"(584.868, 727.434]","(0.294, 1.215]",15.0,0.06666666666666667,False
Singapore_Johor_Riau,gust_shear_compound,ar1,0.9999999999995,0.5714285714285307,500000000001.0,3.715424538156092,0.74267915111418,0.74267915111418,2.0,2.0,0.3783759650820177,0.4027413943933899,0.0,0.1142857142857142,,,0.1142857142857142,0.0243654293113722,-0.4285714285709693,,-499999999997.28455,2.0,0.74267915111418,,,,,131.0,3064.0,614.6355988510193,8.298035537002269,1.30869688899504,5.512703315777783,6.821400204772822,,,0.1142857142857142,0.0243654293113722,"(584.868, 727.434]","(1.215, 1.857]",,,False
Singapore_Johor_Riau,night,ar1,0.9583333333332936,0.9999999999998334,2.6738751291397005,6.950829243242699,0.74267915111418,0.74267915111418,2.0,2.0,0.75252461937203,0.5491398571285977,0.0571428571428571,0.0,,,-0.0571428571428571,-0.2033847622434322,0.0416666666665397,,4.276954114102998,2.0,0.74267915111418,,,,,132.0,56252.0,490.6147905140456,5.694927300649885,0.648953675183493,3.4663279458947853,4.115281621078278,,,0.0571428571428571,0.2033847622434322,"(469.385, 584.868]","(0.294, 1.215]",8.0,0.125,True
Singapore_Johor_Riau,shear_extreme,ar1,0.6666666666665926,0.444444444444395,6.950829243242699,1.0,0.74267915111418,0.74267915111418,2.0,2.0,0.4122911482509829,0.5390935392437131,0.0571428571428571,0.1428571428571428,,,0.0857142857142856,0.1268023909927301,-0.2222222222221975,,-5.950829243242699,2.0,0.74267915111418,,,,,132.0,9697.0,562.179988228279,7.092066643035405,1.24361825587618,4.940274284985542,6.183892540861722,,,0.0857142857142856,0.1268023909927301,"(469.385, 584.868]","(1.215, 1.857]",10.0,0.0,False
Singapore_Johor_Riau,shear_moderate,ar1,0.6666666666664445,0.9999999999999166,500000000001.0,4.545454545447454,0.74267915111418,0.74267915111418,2.0,2.0,0.5285346684934279,0.9755544225459986,0.0571428571428571,0.2571428571428571,,,0.2,0.4470197540525706,0.3333333333334721,,-499999999996.4545,2.0,0.74267915111418,,,,,132.0,57817.0,483.9409707699148,5.760817293030946,0.7560346222099225,3.6618285588949537,4.4178631811048765,,,0.2,0.4470197540525706,"(469.385, 584.868]","(0.294, 1.215]",8.0,0.125,True
Singapore_Johor_Riau,stable_like,ar1,0.49999999999975,0.9999999999995,9000000000001.0,500000000001.0,0.74267915111418,0.74267915111418,2.0,2.0,0.6097467736573234,0.6382027069643538,0.0285714285714285,0.0,,,-0.0285714285714285,0.0284559333070303,0.49999999999975,,-8500000000000.0,2.0,0.74267915111418,,,,,132.0,16589.0,322.2322998759655,4.496432540782187,0.5531355439371324,2.5891042921307537,3.142239836067886,,,0.0285714285714285,0.0284559333070303,"(104.98899999999999, 469.385]","(0.294, 1.215]",6.0,0.0,False
Singapore_Johor_Riau,unstable_like,ar1,0.6363636363635785,0.9473684210525818,7.936586277716562,3.923257013665658,0.74267915111418,0.74267915111418,2.0,2.0,0.4316962979334101,0.8942430584923627,0.0571428571428571,0.0857142857142857,,,0.0285714285714286,0.4625467605589526,0.3110047846890033,,-4.013329264050904,2.0,0.74267915111418,,,,,132.0,10197.0,644.651845520907,6.560988418321751,0.8427393482686555,4.231811097671033,5.074550445939687,,,0.0285714285714286,0.4625467605589526,"(584.868, 727.434]","(0.294, 1.215]",15.0,0.06666666666666667,False
UAE_Dubai_AbuDhabi,day,ar1,0.49999999999975,0.8333333333331945,24500000000001.0,2.999999999992,0.8392130920607584,0.8392130920607584,1.0,1.0,1.0,0.823847025874974,0.0,0.0892857142857142,0.035714285714285,0.1249999999999977,0.0892857142857142,-0.1761529741250259,0.3333333333334445,0.0892857142857126,-24499999999998.0,1.0,0.8392130920607584,,,,,132.0,40180.0,763.2275379841947,6.829863622413284,0.8760260683318716,4.302346825185142,5.178372893517015,,,0.0892857142857142,0.1761529741250259,"(727.434, 878.688]","(0.294, 1.215]",,,False
UAE_Dubai_AbuDhabi,event_gust_core,ar1,0.4285714285713673,0.6666666666664445,2.999999999987999,500000000001.0,0.8392130920607584,0.8392130920607584,1.0,1.0,0.5,0.9559349193837864,0.0,0.0,0.0178571428571425,0.5714285714285612,0.0,0.4559349193837864,0.2380952380950771,0.5535714285714187,499999999998.0,1.0,0.8392130920607584,,,,,132.0,1867.0,834.4929583101259,10.297016339464417,1.3144944772232203,6.691209739692371,8.005704216915591,,,0.0,0.4559349193837864,"(727.434, 878.688]","(1.215, 1.857]",6.0,0.0,False
UAE_Dubai_AbuDhabi,event_gust_lag,ar1,0.499999999999875,0.2857142857142449,500000000001.0,500000000001.0,0.8392130920607584,0.8392130920607584,1.0,1.0,0.4160833048189557,0.3864230999889254,0.0,0.0,0.1428571428571403,0.0178571428571425,0.0,-0.0296602048300303,-0.2142857142856301,-0.1249999999999978,0.0,1.0,0.8392130920607584,,,,,132.0,11177.0,724.0113339574546,8.384504304401121,1.4485377978288534,5.569681486905421,7.018219284734275,,,0.0,0.0296602048300303,"(584.868, 727.434]","(1.215, 1.857]",,,False
UAE_Dubai_AbuDhabi,event_gust_leadlag,ar1,0.9629629629629274,0.7499999999998125,2.219968520396769,2.999999999988,0.8392130920607584,0.8392130920607584,1.0,1.0,1.0,0.336948464719886,0.0,0.0,0.5714285714285612,0.0178571428571425,0.0,-0.6630515352801141,-0.2129629629631149,-0.5535714285714187,0.7800314795912309,1.0,0.8392130920607584,,,,,132.0,22464.0,731.1742612611253,8.583549316030036,1.3695678212701925,5.627192156032059,6.996759977302251,,,0.0,0.6630515352801141,"(727.434, 878.688]","(1.215, 1.857]",6.0,0.0,False
UAE_Dubai_AbuDhabi,event_shear_lag,ar1,0.3333333333332222,0.5555555555554939,2000000000001.0,2.999999999991999,0.8392130920607584,0.8392130920607584,1.0,1.0,0.3255356541989942,1.0,0.0,0.0178571428571428,0.0535714285714276,0.0178571428571425,0.0178571428571428,0.6744643458010058,0.2222222222222716,-0.0357142857142851,-1999999999998.0,1.0,0.8392130920607584,,,,,132.0,11672.0,509.0226681020572,7.470562539062388,1.5953593351669353,5.000010265070803,6.595369600237738,,,0.0178571428571428,0.6744643458010058,"(469.385, 584.868]","(1.215, 1.857]",10.0,0.0,False
UAE_Dubai_AbuDhabi,event_shear_lead,ar1,0.8749999999998906,0.9687499999999696,12.7994224953777,2.0375654437561685,0.8392130920607584,0.8392130920607584,1.0,1.0,1.0,0.7637206163636121,0.0,0.0,0.1428571428571403,0.5535714285714187,0.0,-0.2362793836363879,0.0937500000000789,0.4107142857142784,-10.761857051621533,1.0,0.8392130920607584,,,,,132.0,11663.0,475.45643055702527,7.188519486443349,1.8076428618985092,4.99347804484253,6.801120906741039,,,0.0,0.2362793836363879,"(469.385, 584.868]","(1.215, 1.857]",10.0,0.0,False
UAE_Dubai_AbuDhabi,event_shear_leadlag,ar1,0.49999999999975,0.6666666666666297,20500000000001.0,1.731476948792998,0.8392130920607584,0.8392130920607584,1.0,1.0,1.0,0.7318290330561633,0.0178571428571428,0.2857142857142857,0.035714285714285,0.5535714285714187,0.2678571428571429,-0.2681709669438367,0.1666666666668796,0.5178571428571337,-20499999999999.27,1.0,0.8392130920607584,,,,,132.0,23323.0,488.7898168451288,7.305056207048133,1.7170973450606757,4.992039568610084,6.709136913670758,,,0.2678571428571429,0.2681709669438367,"(469.385, 584.868]","(1.215, 1.857]",10.0,0.0,False
UAE_Dubai_AbuDhabi,gust_shear_compound,ar1,0.5882352941176126,0.7096774193548159,2.9999999999964,1.342262890424752,0.8392130920607584,0.8392130920607584,1.0,1.0,0.5,0.4244431724730053,0.0535714285714285,0.0,0.3035714285714231,0.2857142857142806,-0.0535714285714285,-0.0755568275269947,0.1214421252372033,-0.0178571428571425,-1.6577371095716482,1.0,0.8392130920607584,,,,,131.0,2003.0,592.4235985383448,10.01762876377546,2.41777905802248,6.9297600036128495,9.347539061635327,,,0.0535714285714285,0.0755568275269947,"(584.868, 727.434]","(2.24, 2.883]",6.0,0.0,False
UAE_Dubai_AbuDhabi,night,ar1,0.923076923076852,0.9999999999999476,2.1509433962249815,4.418710942014012,0.8392130920607584,0.8392130920607584,1.0,1.0,1.0,0.8593534182802371,0.0714285714285714,0.0357142857142857,0.232142857142853,0.4107142857142783,-0.0357142857142857,-0.1406465817197628,0.0769230769230956,0.1785714285714253,2.26776754578903,1.0,0.8392130920607584,,,,,132.0,56252.0,298.3148288199207,5.1965716242578495,1.139422301961316,3.446293605378889,4.585715907340204,,,0.0357142857142857,0.1406465817197628,"(104.98899999999999, 469.385]","(0.294, 1.215]",6.0,0.0,False
UAE_Dubai_AbuDhabi,shear_moderate,ar1,0.9999999999999412,0.8888888888888395,9.503304512686023,2.618139395588811,0.8392130920607584,0.8392130920607584,1.0,1.0,1.0,0.7724376167083234,0.25,0.0535714285714285,0.7499999999999866,0.4464285714285634,-0.1964285714285715,-0.2275623832916765,-0.1111111111111016,-0.3035714285714231,-6.885165117097213,1.0,0.8392130920607584,,,,,132.0,57817.0,416.7746370008404,5.942163705122462,1.1843579766295265,3.982901824703688,5.1672598013332145,,,0.1964285714285715,0.2275623832916765,"(104.98899999999999, 469.385]","(0.294, 1.215]",6.0,0.0,False
UAE_Dubai_AbuDhabi,shear_weak,ar1,0.9090909090908263,0.8888888888887901,5.999999999985,2.0353148754780728,0.8392130920607584,0.8392130920607584,1.0,1.0,0.5,0.5186660676062342,0.0,0.2678571428571428,0.1964285714285679,0.3392857142857082,0.2678571428571428,0.0186660676062342,-0.0202020202020362,0.1428571428571403,-3.964685124506928,1.0,0.8392130920607584,,,,,132.0,28918.0,680.6074509741321,5.203562827557081,0.2949596896931324,2.934028281409018,3.22898797110215,,,0.2678571428571428,0.0186660676062342,"(584.868, 727.434]","(0.294, 1.215]",15.0,0.06666666666666667,False
UAE_Dubai_AbuDhabi,stable_like,ar1,0.3749999999999531,0.59999999999988,1000000000001.0,1000000000001.0,0.8392130920607584,0.8392130920607584,1.0,1.0,0.2733241027048889,1.0,0.0357142857142857,0.0,0.0178571428571425,0.0892857142857126,-0.0357142857142857,0.7266758972951111,0.2249999999999268,0.07142857142857,0.0,1.0,0.8392130920607584,,,,,132.0,26389.0,148.28097212691517,3.990338496905212,1.0007398913725898,2.724981123229268,3.725721014601858,,,0.0357142857142857,0.7266758972951111,"(104.98899999999999, 469.385]","(0.294, 1.215]",6.0,0.0,False
UAE_Dubai_AbuDhabi,unstable_like,ar1,0.9310344827585888,0.6249999999999218,5.436882872671285,6.854101966219033,0.8392130920607584,0.8392130920607584,1.0,1.0,0.5035039755526772,0.470750360658416,0.0178571428571428,0.0,0.0535714285714276,0.499999999999991,-0.0178571428571428,-0.0327536148942612,-0.3060344827586669,0.4464285714285634,1.4172190935477476,1.0,0.8392130920607584,,,,,132.0,24330.0,1021.3808083988018,7.407114458278255,0.6304432895801751,4.475315311315004,5.10575860089518,,,0.0178571428571428,0.0327536148942612,"(878.688, 1319.167]","(0.294, 1.215]",,,False
UK_London,day,ar1,0.9999999999998572,0.9499999999999524,8.549703546864137,2.628954301830593,0.726022870241925,0.726022870241925,2.0,2.0,0.3164722162768859,0.1718884568255583,0.0659340659340659,0.1978021978021978,0.5604395604395543,0.2417582417582391,0.1318681318681319,-0.1445837594513275,-0.0499999999999047,-0.3186813186813152,-5.920749245033544,2.0,0.726022870241925,,,,,132.0,40180.0,797.3975748497663,9.510442252958024,2.0442405249803053,5.388747239750904,7.432987764731209,,,0.1318681318681319,0.1445837594513275,"(727.434, 878.688]","(1.857, 2.24]",11.0,0.0,False
UK_London,event_gust_core,ar1,0.8333333333331945,0.9999999999999862,2500000000001.0,4.119981047060822,0.726022870241925,0.726022870241925,2.0,2.0,0.6026718254935413,0.3122292102956791,0.0,0.0,0.0109890109890108,0.7032967032966956,0.0,-0.2904426151978621,0.1666666666667917,0.6923076923076847,-2499999999996.88,2.0,0.726022870241925,,,,,132.0,1453.0,1150.2942351767006,15.733873474896216,3.7803420173265545,9.0890716474007,12.869413664727258,,,0.0,0.2904426151978621,"(878.688, 1319.167]","(2.883, 4.361]",18.0,0.0,False
UK_London,event_gust_lag,ar1,0.9999999999998,0.7499999999999626,2.999999999992,23.511521380367356,0.726022870241925,0.726022870241925,2.0,2.0,0.3301817958669071,0.2640053460236216,0.0,0.0,0.0219780219780217,0.1098901098901087,0.0,-0.0661764498432855,-0.2499999999998374,0.0879120879120869,20.511521380375356,2.0,0.726022870241925,,,,,132.0,8617.0,1063.2763364361394,13.804857382331658,3.619875717400997,8.259803684064236,11.879679401465234,,,0.0,0.0661764498432855,"(878.688, 1319.167]","(2.883, 4.361]",18.0,0.0,False
UK_London,event_gust_lead,ar1,0.9999999999998,0.499999999999875,11.566879593335118,500000000001.0,0.726022870241925,0.726022870241925,2.0,2.0,0.3070217530906231,0.6044321558090268,0.0659340659340659,0.0,0.0659340659340652,0.0219780219780217,-0.0659340659340659,0.2974104027184037,-0.499999999999925,-0.0439560439560435,499999999989.4331,2.0,0.726022870241925,,,,,132.0,8645.0,1033.645340497007,14.395892663971884,3.660797607071069,8.514753617114689,12.175551224185758,,,0.0659340659340659,0.2974104027184037,"(878.688, 1319.167]","(2.883, 4.361]",18.0,0.0,False
UK_London,event_gust_leadlag,ar1,0.9999999999999,0.999999999999976,16.50512705133163,4.453216089742241,0.726022870241925,0.726022870241925,2.0,2.0,0.3494802469370689,0.6061936261612578,0.0109890109890109,0.0,0.582417582417576,0.0659340659340652,-0.0109890109890109,0.2567133792241889,7.605027718682322e-14,-0.5164835164835109,-12.051910961589387,2.0,0.726022870241925,,,,,132.0,16186.0,1039.182605440918,13.994096357052044,3.594807540906835,8.303937370805377,11.898744911712214,,,0.0109890109890109,0.2567133792241889,"(878.688, 1319.167]","(2.883, 4.361]",18.0,0.0,False
UK_London,event_shear_core,ar1,0.9999999999999166,0.977777777777756,17.62499999993143,4.120213916960027,0.726022870241925,0.726022870241925,2.0,2.0,1.0,0.7783797340848407,0.0,0.1538461538461538,0.1318681318681304,0.0219780219780217,0.1538461538461538,-0.2216202659151592,-0.0222222222221606,-0.1098901098901087,-13.504786082971403,2.0,0.726022870241925,,,,,132.0,1539.0,916.3183541882552,13.845359532657104,4.2972512662555875,8.49151480759034,12.78876607384593,,,0.1538461538461538,0.2216202659151592,"(878.688, 1319.167]","(2.883, 4.361]",18.0,0.0,False
UK_London,event_shear_lag,ar1,0.8124999999999493,0.9999999999999,14.625908256564225,16.50512705133163,0.726022870241925,0.726022870241925,2.0,2.0,0.352049965890021,0.8524644792193716,0.0,0.0219780219780219,0.1318681318681304,0.1318681318681304,0.0219780219780219,0.5004145133293506,0.1874999999999507,0.0,1.8792187947674055,2.0,0.726022870241925,,,,,132.0,9087.0,877.6280031809182,12.895827997703874,3.780193277083691,7.801704587291447,11.58189786437514,,,0.0219780219780219,0.5004145133293506,"(727.434, 878.688]","(2.883, 4.361]",,,False
UK_London,event_shear_lead,ar1,0.7714285714285494,0.6428571428570969,3.8713757059125697,7.345340758671414,0.726022870241925,0.726022870241925,2.0,2.0,0.5093016968422659,0.3808419641597458,0.0989010989010989,0.0659340659340659,0.3846153846153804,0.1538461538461521,-0.032967032967033,-0.1284597326825201,-0.1285714285714524,-0.2307692307692283,3.473965052758844,2.0,0.726022870241925,,,,,132.0,9071.0,913.7429241987386,13.391463279083004,3.928648240119213,8.075798997684396,12.004447237803609,,,0.032967032967033,0.1284597326825201,"(878.688, 1319.167]","(2.883, 4.361]",18.0,0.0,False
UK_London,event_shear_leadlag,ar1,0.9999999999999,0.6666666666665555,11.075424291025053,1666666666667.6667,0.726022870241925,0.726022870241925,2.0,2.0,0.285617171232721,0.5825289072661587,0.0769230769230769,0.3076923076923077,0.1098901098901087,0.0219780219780217,0.2307692307692308,0.2969117360334377,-0.3333333333333445,-0.0879120879120869,1666666666656.5913,2.0,0.726022870241925,,,,,132.0,16975.0,879.8719125212043,12.976046094198438,3.823232157593353,7.848087650923169,11.671319808516522,,,0.2307692307692308,0.2969117360334377,"(878.688, 1319.167]","(2.883, 4.361]",18.0,0.0,False
UK_London,gust_extreme,ar1,0.9285714285713622,0.9999999999999756,8.458374275968916,5.374270036299199,0.726022870241925,0.726022870241925,2.0,2.0,0.4412253967799719,0.7394077670597383,0.0219780219780219,0.0219780219780219,0.0219780219780217,0.5274725274725217,0.0,0.2981823702797664,0.0714285714286133,0.5054945054945,-3.084104239669717,2.0,0.726022870241925,,,,,132.0,9697.0,1131.4485914446432,15.435866513443331,3.8385688500620327,9.064336986456194,12.902905836518226,,,0.0,0.2981823702797664,"(878.688, 1319.167]","(2.883, 4.361]",18.0,0.0,False
UK_London,gust_high,ar1,0.9999999999998888,0.9999999999998572,10.31329418044946,4.755712981517364,0.726022870241925,0.726022870241925,2.0,2.0,0.5887316977365564,0.5,0.1978021978021978,0.0,0.6153846153846086,0.9999999999999892,-0.1978021978021978,-0.0887316977365564,-3.1530333899354446e-14,0.3846153846153806,-5.5575811989320965,2.0,0.726022870241925,,,,,132.0,28918.0,960.385403782314,12.932352957292489,3.294642120989652,7.661270650571493,10.955912771561144,,,0.1978021978021978,0.0887316977365564,"(878.688, 1319.167]","(2.883, 4.361]",18.0,0.0,False
UK_London,gust_shear_compound,ar1,0.7777777777777346,0.9870129870129742,4.801310964912712,4.518171172246792,0.726022870241925,0.726022870241925,2.0,2.0,0.2182107064615361,0.7014941382226264,0.0219780219780219,0.0989010989010989,0.1978021978021956,0.7912087912087825,0.076923076923077,0.4832834317610903,0.2092352092352396,0.5934065934065869,-0.2831397926659207,2.0,0.726022870241925,,,,,132.0,5504.0,1104.0037584775582,15.909754344184256,4.360741679547054,9.526007447074363,13.886749126621416,,,0.076923076923077,0.4832834317610903,"(878.688, 1319.167]","(2.883, 4.361]",18.0,0.0,False
UK_London,night,ar1,0.956521739130414,0.8888888888888395,4.548264763351271,73.15136643567644,0.726022870241925,0.726022870241925,2.0,2.0,1.0,0.3055537246206754,0.0,0.0329670329670329,0.5054945054944999,0.3516483516483478,0.0329670329670329,-0.6944462753793246,-0.0676328502415745,-0.1538461538461521,68.60310167232517,2.0,0.726022870241925,,,,,132.0,56252.0,502.1800490194352,7.970198334682099,2.709085395944978,4.941156427092595,7.650241823037573,,,0.0329670329670329,0.6944462753793246,"(469.385, 584.868]","(2.24, 2.883]",8.0,0.0,False
UK_London,shear_extreme,ar1,0.9999999999999,0.6551724137930809,11.716315602866556,8.631578947354683,0.726022870241925,0.726022870241925,2.0,2.0,0.5879001625916223,0.2306311081791523,0.0,0.1428571428571428,0.1758241758241739,0.2857142857142826,0.1428571428571428,-0.3572690544124699,-0.3448275862068191,0.1098901098901087,-3.0847366555118736,2.0,0.726022870241925,,,,,132.0,9697.0,934.1626990789408,13.997024655183392,4.230776809647013,8.508670505749496,12.739447315396507,,,0.1428571428571428,0.3572690544124699,"(878.688, 1319.167]","(2.883, 4.361]",18.0,0.0,False
UK_London,shear_moderate,ar1,0.9999999999999796,0.89999999999997,6.236867698212505,2.994494553088033,0.726022870241925,0.726022870241925,2.0,2.0,0.2956082142997634,0.2777997769524131,0.1978021978021978,0.1098901098901098,0.5384615384615326,0.164835164835163,-0.0879120879120879,-0.0178084373473503,-0.1000000000000095,-0.3736263736263695,-3.2423731451244717,2.0,0.726022870241925,,,,,132.0,57817.0,620.3177273404781,8.971318485849242,2.731265988662665,5.461293820236654,8.192559808899318,,,0.0879120879120879,0.0178084373473503,"(584.868, 727.434]","(2.24, 2.883]",6.0,0.0,False
UK_London,shear_weak,ar1,0.79999999999984,0.9999999999998334,1666666666667.6667,4.124999999988282,0.726022870241925,0.726022870241925,2.0,2.0,0.2918184468081514,0.4935359525899531,0.0549450549450549,0.0439560439560439,0.7032967032966956,0.2967032967032935,-0.010989010989011,0.2017175057818017,0.1999999999999934,-0.4065934065934021,-1666666666663.5415,2.0,0.726022870241925,,,,,132.0,28918.0,531.2968235193147,6.087458303764683,1.2307275647455016,3.3267021875084897,4.5574297522539915,,,0.010989010989011,0.2017175057818017,"(469.385, 584.868]","(1.215, 1.857]",10.0,0.0,False
UK_London,stable_like,ar1,0.8333333333331945,0.9999999999999232,2500000000001.0,17.435100057074557,0.726022870241925,0.726022870241925,2.0,2.0,1.0,0.4182578423501395,0.0549450549450549,0.1208791208791208,0.076923076923076,0.5714285714285652,0.0659340659340659,-0.5817421576498605,0.1666666666667287,0.4945054945054892,-2499999999983.565,2.0,0.726022870241925,,,,,132.0,24316.0,239.49958924902393,5.186682406631991,2.1297673069231333,3.254308078032236,5.384075384955368,,,0.0659340659340659,0.5817421576498605,"(104.98899999999999, 469.385]","(1.857, 2.24]",6.0,0.16666666666666666,True
UK_London,stable_shear_high,ar1,0.8333333333333056,0.9999999999999232,29.72893416795331,23.997118599760604,0.726022870241925,0.726022870241925,2.0,2.0,0.2392688026450405,0.8857562870449275,0.0,0.0,0.3406593406593369,0.9670329670329564,0.0,0.646487484399887,0.1666666666666175,0.6263736263736195,-5.7318155681927045,2.0,0.726022870241925,,,,,110.0,3834.0,288.65168333338596,6.939683606004796,3.2087990177991546,4.453895030396922,7.662694048196076,,,0.0,0.646487484399887,"(104.98899999999999, 469.385]","(2.883, 4.361]",6.0,0.0,False
UK_London,unstable_like,ar1,0.6785714285714044,0.944444444444392,4.762934855667058,14.889586371919451,0.726022870241925,0.726022870241925,2.0,2.0,0.1428571428571428,1.0,0.0,0.0,0.3076923076923043,0.1978021978021956,0.0,0.8571428571428572,0.2658730158729876,-0.1098901098901087,10.126651516252394,2.0,0.726022870241925,,,,,132.0,19452.0,1069.7356989472644,11.720983958596834,2.5387986879708415,6.70872191945751,9.247520607428353,,,0.0,0.8571428571428572,"(878.688, 1319.167]","(2.24, 2.883]",,,False
USA_NYC,day,ar1,0.39999999999992,0.9999999999999092,500000000001.0,14.496829008685108,0.7523867082370405,0.7523867082370405,4.0,4.0,0.1946345522814506,0.2339418966802355,0.0266666666666666,0.0533333333333333,0.246666666666665,0.4599999999999969,0.0266666666666667,0.0393073443987848,0.5999999999999892,0.2133333333333319,-499999999986.5032,4.0,0.7523867082370405,,,,,132.0,40180.0,586.44076668195,7.879828963957229,1.9159635489007791,4.187106667592574,6.103070216493353,,,0.0266666666666667,0.0393073443987848,"(584.868, 727.434]","(1.857, 2.24]",,,False
USA_NYC,event_gust_core,ar1,0.9999999999999888,0.5476190476190346,3.0146637700814263,1.9521806498079364,0.7523867082370405,0.7523867082370405,4.0,4.0,0.3588183105671923,0.1895547625082665,0.0,0.0066666666666666,0.5599999999999963,0.1466666666666657,0.0066666666666666,-0.1692635480589258,-0.4523809523809542,-0.4133333333333305,-1.06248312027349,4.0,0.7523867082370405,,,,,132.0,1456.0,1161.4890497829556,14.153289353297472,3.2502152547013528,7.525906980295058,10.77612223499641,,,0.0066666666666666,0.1692635480589258,"(878.688, 1319.167]","(2.883, 4.361]",18.0,0.0,False
USA_NYC,event_gust_lag,ar1,0.9999999999999888,0.6666666666666481,2.885966800334201,11.443542509257036,0.7523867082370405,0.7523867082370405,4.0,4.0,0.4635671346182243,0.1875300977951123,0.46,0.0133333333333333,0.4666666666666635,0.3133333333333312,-0.4466666666666667,-0.276037036823112,-0.3333333333333407,-0.1533333333333323,8.557575708922835,4.0,0.7523867082370405,,,,,132.0,8656.0,1062.4626861529985,12.388690018278243,3.0958776251139333,6.8542033185662286,9.95008094368016,,,0.4466666666666667,0.276037036823112,"(878.688, 1319.167]","(2.883, 4.361]",18.0,0.0,False
USA_NYC,event_gust_lead,ar1,0.989473684210516,0.5833333333332847,2.593156982380427,4.331699166732794,0.7523867082370405,0.7523867082370405,4.0,4.0,0.350562253978738,0.1689882092101633,0.4066666666666667,0.0066666666666666,0.6266666666666625,0.4133333333333306,-0.4000000000000001,-0.1815740447685747,-0.4061403508772312,-0.2133333333333318,1.7385421843523674,4.0,0.7523867082370405,,,,,132.0,8662.0,1003.6926282155802,12.967737792559577,3.1324297013033755,6.985952550535418,10.118382251838792,,,0.4000000000000001,0.1815740447685747,"(878.688, 1319.167]","(2.883, 4.361]",18.0,0.0,False
USA_NYC,event_gust_leadlag,ar1,0.9999999999999886,0.9999999999999852,2.536496170467548,3.9389694927172063,0.7523867082370405,0.7523867082370405,4.0,4.0,0.350562068392655,0.1814303662297202,0.4,0.0266666666666666,0.3999999999999973,0.0533333333333329,-0.3733333333333334,-0.1691317021629348,-3.3306690738754696e-15,-0.3466666666666644,1.402473322249658,4.0,0.7523867082370405,,,,,132.0,16172.0,1025.6907686241832,12.56272739486898,3.0685235842218077,6.83077617863461,9.89929976285642,,,0.3733333333333334,0.1691317021629348,"(878.688, 1319.167]","(2.883, 4.361]",18.0,0.0,False
USA_NYC,event_shear_core,ar1,0.9999999999999678,0.5454545454545372,11.035750738084609,2.843313656049883,0.7523867082370405,0.7523867082370405,4.0,4.0,0.1828038175949567,0.1324244271843341,0.0466666666666666,0.0466666666666666,0.139999999999999,0.439999999999997,0.0,-0.0503793904106226,-0.4545454545454306,0.299999999999998,-8.192437082034726,4.0,0.7523867082370405,,,,,132.0,1484.0,731.1188620410837,11.843147342487102,3.863162729373917,6.838346787431457,10.701509516805372,,,0.0,0.0503793904106226,"(727.434, 878.688]","(2.883, 4.361]",,,False
USA_NYC,event_shear_lag,ar1,0.9999999999999905,0.2826086956521678,2.589278557588224,2.868707824634253,0.7523867082370405,0.7523867082370405,4.0,4.0,0.3950953789880973,0.188940626814066,0.3266666666666666,0.04,0.6599999999999956,0.3066666666666646,-0.2866666666666666,-0.2061547521740313,-0.7173913043478226,-0.353333333333331,0.2794292670460292,4.0,0.7523867082370405,,,,,132.0,8795.0,715.6443127742664,11.09905081335911,3.3757915398672553,6.263363935245604,9.639155475112858,,,0.2866666666666666,0.2061547521740313,"(584.868, 727.434]","(2.883, 4.361]",,,False
USA_NYC,event_shear_lead,ar1,0.9999999999999892,0.9599999999999808,2.394271299808636,3.123211456153854,0.7523867082370405,0.7523867082370405,4.0,4.0,0.3333333333333333,0.1798307061068142,0.0,0.0466666666666666,0.6133333333333293,0.49333333333333,0.0466666666666666,-0.1535026272265191,-0.0400000000000084,-0.1199999999999992,0.7289401563452182,4.0,0.7523867082370405,,,,,132.0,8793.0,732.490780997466,11.572564609672035,3.57451432662827,6.501026503586264,10.075540830214532,,,0.0466666666666666,0.1535026272265191,"(727.434, 878.688]","(2.883, 4.361]",,,False
USA_NYC,event_shear_leadlag,ar1,0.9999999999999908,0.9594594594594466,2.9511203545175824,3.6044925130491694,0.7523867082370405,0.7523867082370405,4.0,4.0,0.3830154218054626,0.3287389886355588,0.0,0.06,0.6199999999999959,0.3466666666666643,0.06,-0.0542764331699038,-0.0405405405405442,-0.2733333333333316,0.653372158531587,4.0,0.7523867082370405,,,,,132.0,16356.0,711.3086284129728,11.144905108356197,3.436797440927675,6.286735569348495,9.723533010276167,,,0.06,0.0542764331699038,"(584.868, 727.434]","(2.883, 4.361]",,,False
USA_NYC,gust_extreme,ar1,0.9999999999999902,0.4482758620689501,2.5887428802471586,5.575273980025988,0.7523867082370405,0.7523867082370405,4.0,4.0,0.5574140176049469,0.2175425544775065,0.5,0.04,0.599999999999996,0.2066666666666653,-0.46,-0.3398714631274404,-0.5517241379310401,-0.3933333333333306,2.986531099778829,4.0,0.7523867082370405,,,,,132.0,9697.0,1126.6297903267348,13.883137753809788,3.3005237000576555,7.496657341145294,10.797181041202949,,,0.46,0.3398714631274404,"(878.688, 1319.167]","(2.883, 4.361]",18.0,0.0,False
USA_NYC,gust_high,ar1,0.9870129870129742,0.7142857142856939,3.1786818869867512,34.715398076525595,0.7523867082370405,0.7523867082370405,4.0,4.0,0.2474914442934575,0.1615399627724091,0.2066666666666666,0.02,0.2866666666666647,0.2333333333333317,-0.1866666666666666,-0.0859514815210484,-0.2727272727272803,-0.0533333333333329,31.536716189538843,4.0,0.7523867082370405,,,,,132.0,28918.0,953.4761379212882,11.600815997528802,2.8142313767816725,6.314336685194722,9.128568061976392,,,0.1866666666666666,0.0859514815210484,"(878.688, 1319.167]","(2.24, 2.883]",,,False
USA_NYC,gust_shear_compound,ar1,0.8367346938775425,0.6888888888888736,2.9104375537571943,1.5467767429331578,0.7523867082370405,0.7523867082370405,4.0,4.0,0.5,0.1371500918144586,0.0,0.0266666666666666,0.653333333333329,0.299999999999998,0.0266666666666666,-0.3628499081855414,-0.1478458049886689,-0.353333333333331,-1.3636608108240365,4.0,0.7523867082370405,,,,,132.0,4332.0,995.4958796561682,14.408113486631857,3.9616272953056777,7.937034394025938,11.898661689331616,,,0.0266666666666666,0.3628499081855414,"(878.688, 1319.167]","(2.883, 4.361]",18.0,0.0,False
USA_NYC,night,ar1,0.9534883720930012,0.7567567567567363,5.419167661104686,12.826297495442317,0.7523867082370405,0.7523867082370405,4.0,4.0,0.1857438947222579,0.14980694667069,0.0333333333333333,0.0333333333333333,0.2866666666666647,0.2266666666666651,0.0,-0.0359369480515679,-0.1967316153362649,-0.0599999999999995,7.40712983433763,4.0,0.7523867082370405,,,,,132.0,56252.0,631.4956431897189,7.789492097680688,2.213874878988104,4.397584269768794,6.611459148756898,,,0.0,0.0359369480515679,"(584.868, 727.434]","(1.857, 2.24]",,,False
USA_NYC,shear_extreme,ar1,0.9999999999999905,0.8131868131868043,2.763730842673728,2.818887893615824,0.7523867082370405,0.7523867082370405,4.0,4.0,0.385369741586936,0.2315567352964159,0.3866666666666666,0.0133333333333333,0.6333333333333291,0.5066666666666633,-0.3733333333333333,-0.15381300629052,-0.1868131868131861,-0.1266666666666658,0.0551570509420962,4.0,0.7523867082370405,,,,,132.0,9697.0,729.4411441985594,11.924626209986748,3.816920792519477,6.802646002505581,10.619566795025058,,,0.3733333333333333,0.15381300629052,"(727.434, 878.688]","(2.883, 4.361]",,,False
USA_NYC,shear_moderate,ar1,0.8333333333332639,0.307692307692284,2.6799188952787243,1666666666667.6667,0.7523867082370405,0.7523867082370405,4.0,4.0,0.1611865949239047,0.2664712404302011,0.0466666666666666,0.02,0.0933333333333327,0.4333333333333304,-0.0266666666666666,0.1052846455062964,-0.5256410256409798,0.3399999999999977,1666666666664.9868,4.0,0.7523867082370405,,,,,132.0,57817.0,604.8785302759463,8.196408225909698,2.3367583559507565,4.628713468953157,6.965471824903912,,,0.0266666666666666,0.1052846455062964,"(584.868, 727.434]","(2.24, 2.883]",6.0,0.0,False
USA_NYC,shear_weak,ar1,0.5714285714284898,0.6428571428570969,6.854101966203706,4.267510957003924,0.7523867082370405,0.7523867082370405,4.0,4.0,0.3053062319487515,0.2532464119191912,0.0066666666666666,0.2466666666666666,0.0466666666666663,0.4066666666666639,0.24,-0.0520598200295602,0.0714285714286071,0.3599999999999976,-2.5865910091997826,4.0,0.7523867082370405,,,,,132.0,28918.0,589.2772822357953,5.714741033834349,1.0167090473982254,2.8365069018214975,3.8532159492197233,,,0.24,0.0520598200295602,"(584.868, 727.434]","(0.294, 1.215]",15.0,0.06666666666666667,False
USA_NYC,stable_like,ar1,0.59999999999998,0.9999999999999832,2.756798158653664,5.261993455574945,0.7523867082370405,0.7523867082370405,4.0,4.0,0.1345217731389409,0.1875129113137348,0.0733333333333333,0.0533333333333333,0.2866666666666647,0.0733333333333328,-0.02,0.0529911381747938,0.4000000000000032,-0.2133333333333318,2.5051952969212814,4.0,0.7523867082370405,,,,,132.0,16969.0,214.97104601955343,5.199193041454605,2.0295097603664853,3.1178645625697765,5.147374322936261,,,0.02,0.0529911381747938,"(104.98899999999999, 469.385]","(1.857, 2.24]",6.0,0.16666666666666666,True
USA_NYC,stable_shear_high,ar1,0.7599999999999697,0.5714285714284898,13.708093681357957,2.66666666666,0.7523867082370405,0.7523867082370405,4.0,4.0,0.2543287313505068,0.1303890891595076,0.0466666666666666,0.0533333333333333,0.1133333333333325,0.0466666666666663,0.0066666666666667,-0.1239396421909992,-0.1885714285714799,-0.0666666666666662,-11.041427014697955,4.0,0.7523867082370405,,,,,132.0,4379.0,242.0023590681687,6.782826915291886,3.034871475601002,4.173666822212951,7.208538297813952,,,0.0066666666666667,0.1239396421909992,"(104.98899999999999, 469.385]","(2.883, 4.361]",6.0,0.0,False
USA_NYC,unstable_like,ar1,0.499999999999988,0.9756097560975372,28.310157318900075,3.4999668653382705,0.7523867082370405,0.7523867082370405,4.0,4.0,0.1157755487344565,0.1458475342053364,0.0,0.0,0.2866666666666647,0.3999999999999973,0.0,0.0300719854708798,0.4756097560975492,0.1133333333333326,-24.810190453561805,4.0,0.7523867082370405,,,,,132.0,11060.0,1081.7731755884352,10.594287768254722,2.038398508329153,5.48704482846159,7.525443336790742,,,0.0,0.0300719854708798,"(878.688, 1319.167]","(1.857, 2.24]",7.0,0.0,False
