record,doi,filename,size,checksum,url
17710093,10.5281/zenodo.17710093,paris_dwl_L3V1.42_map.pdf,3927300,md5:7de2321cf7d2d3b9529dbcddfa149f65,https://zenodo.org/api/records/17710093/files/paris_dwl_L3V1.42_map.pdf/content
17710093,10.5281/zenodo.17710093,paris_dwl_L3V1.42_data_availability_weather.pdf,645078,md5:5602b20699fdd3ce9d562e51c8ec6cfa,https://zenodo.org/api/records/17710093/files/paris_dwl_L3V1.42_data_availability_weather.pdf/content
17710093,10.5281/zenodo.17710093,paris_dwl_L3V1.42_data_availability_weather.xlsx,206305,md5:995a9bac8cc4bb433abf52ea4448bd01,https://zenodo.org/api/records/17710093/files/paris_dwl_L3V1.42_data_availability_weather.xlsx/content
17710093,10.5281/zenodo.17710093,paris_dwl_L3V1.42_2023_02_3600s.tar.gz,2603949,md5:4ac181facdee09dee11a08c0cea56291,https://zenodo.org/api/records/17710093/files/paris_dwl_L3V1.42_2023_02_3600s.tar.gz/content
17710093,10.5281/zenodo.17710093,paris_dwl_L3V1.42_2023_07_3600s.tar.gz,8719735,md5:36b34801070f08d70af6768eff7cfabd,https://zenodo.org/api/records/17710093/files/paris_dwl_L3V1.42_2023_07_3600s.tar.gz/content
17710093,10.5281/zenodo.17710093,paris_dwl_L3V1.42_2023_11_600s.tar.gz,32766251,md5:fb370eda02f72d271b7bb9031bff9160,https://zenodo.org/api/records/17710093/files/paris_dwl_L3V1.42_2023_11_600s.tar.gz/content
17710093,10.5281/zenodo.17710093,paris_dwl_L3V1.42_2024_03_600s.tar.gz,3205737,md5:89d03a282bc2831c6f3cead678869dfc,https://zenodo.org/api/records/17710093/files/paris_dwl_L3V1.42_2024_03_600s.tar.gz/content
17710093,10.5281/zenodo.17710093,paris_dwl_L3V1.42_2023_01_600s.tar.gz,8736850,md5:a71b64ed55042175a10f2966c9f63b09,https://zenodo.org/api/records/17710093/files/paris_dwl_L3V1.42_2023_01_600s.tar.gz/content
17710093,10.5281/zenodo.17710093,paris_dwl_L3V1.42_2024_03_3600s.tar.gz,919791,md5:4198ae9208c2c1907aba928bbde9bd26,https://zenodo.org/api/records/17710093/files/paris_dwl_L3V1.42_2024_03_3600s.tar.gz/content
17710093,10.5281/zenodo.17710093,paris_dwl_L3V1.42_2023_09_600s.tar.gz,41086945,md5:d54e019db69ea62e18a906e5b98d8688,https://zenodo.org/api/records/17710093/files/paris_dwl_L3V1.42_2023_09_600s.tar.gz/content
17710093,10.5281/zenodo.17710093,paris_dwl_L3V1.42_2023_02_600s.tar.gz,9510540,md5:b16e61af801531d5f7965bb5f8234bb8,https://zenodo.org/api/records/17710093/files/paris_dwl_L3V1.42_2023_02_600s.tar.gz/content
17710093,10.5281/zenodo.17710093,paris_dwl_L3V1.42_2023_05_600s.tar.gz,20816687,md5:612b0fe973cf43846b06edce4914afc8,https://zenodo.org/api/records/17710093/files/paris_dwl_L3V1.42_2023_05_600s.tar.gz/content
17710093,10.5281/zenodo.17710093,paris_dwl_L3V1.42_2024_02_3600s.tar.gz,5319888,md5:766d8ef4f5f70460c348493366060a0c,https://zenodo.org/api/records/17710093/files/paris_dwl_L3V1.42_2024_02_3600s.tar.gz/content
17710093,10.5281/zenodo.17710093,paris_dwl_L3V1.42_2023_06_3600s.tar.gz,7100973,md5:6df97bd697b676e9d01e5e04a21136a1,https://zenodo.org/api/records/17710093/files/paris_dwl_L3V1.42_2023_06_3600s.tar.gz/content
17710093,10.5281/zenodo.17710093,paris_dwl_L3V1.42_2023_08_600s.tar.gz,46392190,md5:ff280f35ca25d0acabcff04f73a0cc94,https://zenodo.org/api/records/17710093/files/paris_dwl_L3V1.42_2023_08_600s.tar.gz/content
17710093,10.5281/zenodo.17710093,paris_dwl_L3V1.42_2023_07_600s.tar.gz,33533326,md5:0447a3c8606d44a1e5a639373a321770,https://zenodo.org/api/records/17710093/files/paris_dwl_L3V1.42_2023_07_600s.tar.gz/content
17710093,10.5281/zenodo.17710093,paris_dwl_L3V1.42_2023_09_3600s.tar.gz,10132774,md5:5b71201531a840291e6b89f89a50ea6c,https://zenodo.org/api/records/17710093/files/paris_dwl_L3V1.42_2023_09_3600s.tar.gz/content
17710093,10.5281/zenodo.17710093,paris_dwl_L3V1.42_2023_08_3600s.tar.gz,11742053,md5:eff811f04297db2dbd950a4c674f1dc7,https://zenodo.org/api/records/17710093/files/paris_dwl_L3V1.42_2023_08_3600s.tar.gz/content
17710093,10.5281/zenodo.17710093,paris_dwl_L3V1.42_2023_05_3600s.tar.gz,5450219,md5:ec0be4edf8dd9cc0eb5a7a47f1c42514,https://zenodo.org/api/records/17710093/files/paris_dwl_L3V1.42_2023_05_3600s.tar.gz/content
17710093,10.5281/zenodo.17710093,paris_dwl_L3V1.42_2023_06_600s.tar.gz,29211681,md5:8cc2ec1f07c65e02bee204de21a3f856,https://zenodo.org/api/records/17710093/files/paris_dwl_L3V1.42_2023_06_600s.tar.gz/content
17710093,10.5281/zenodo.17710093,paris_dwl_L3V1.42_2023_04_600s.tar.gz,18618317,md5:3d1512b42cb64b3a9b2c24c54c2cceb9,https://zenodo.org/api/records/17710093/files/paris_dwl_L3V1.42_2023_04_600s.tar.gz/content
17710093,10.5281/zenodo.17710093,paris_dwl_L3V1.42_2024_01_3600s.tar.gz,6530564,md5:3d19d0079896cc58296720ef4acc9794,https://zenodo.org/api/records/17710093/files/paris_dwl_L3V1.42_2024_01_3600s.tar.gz/content
17710093,10.5281/zenodo.17710093,paris_dwl_L3V1.42_2024_02_600s.tar.gz,19230805,md5:ab63e046f79db7ea54d0c577a3168b5a,https://zenodo.org/api/records/17710093/files/paris_dwl_L3V1.42_2024_02_600s.tar.gz/content
17710093,10.5281/zenodo.17710093,paris_dwl_L3V1.42_2023_01_3600s.tar.gz,2782785,md5:d7467e580399e491a2ec5c73bc4bdd90,https://zenodo.org/api/records/17710093/files/paris_dwl_L3V1.42_2023_01_3600s.tar.gz/content
17710093,10.5281/zenodo.17710093,paris_dwl_L3V1.42_2023_10_600s.tar.gz,36232314,md5:97487313736df2e0a97f5aafcfd3b5d4,https://zenodo.org/api/records/17710093/files/paris_dwl_L3V1.42_2023_10_600s.tar.gz/content
17710093,10.5281/zenodo.17710093,paris_dwl_L3V1.42_2023_10_3600s.tar.gz,9684790,md5:f7aa05f1dffd24f17a7b4eedf707c7a5,https://zenodo.org/api/records/17710093/files/paris_dwl_L3V1.42_2023_10_3600s.tar.gz/content
17710093,10.5281/zenodo.17710093,paris_dwl_L3V1.42_2023_03_600s.tar.gz,20929989,md5:7ba69b2f03634f926ef8c217d1456a3b,https://zenodo.org/api/records/17710093/files/paris_dwl_L3V1.42_2023_03_600s.tar.gz/content
17710093,10.5281/zenodo.17710093,paris_dwl_L3V1.42_2023_03_3600s.tar.gz,5829912,md5:ac17bae3cc1b2b6fb928604eed5cb8fc,https://zenodo.org/api/records/17710093/files/paris_dwl_L3V1.42_2023_03_3600s.tar.gz/content
17710093,10.5281/zenodo.17710093,paris_dwl_L3V1.42_2023_04_3600s.tar.gz,5056026,md5:28137ab2b316d71e19c2d3bb001bcde6,https://zenodo.org/api/records/17710093/files/paris_dwl_L3V1.42_2023_04_3600s.tar.gz/content
17710093,10.5281/zenodo.17710093,paris_dwl_L3V1.42_2023_11_3600s.tar.gz,8989032,md5:218975bf95458c620048737e9ff52798,https://zenodo.org/api/records/17710093/files/paris_dwl_L3V1.42_2023_11_3600s.tar.gz/content
17710093,10.5281/zenodo.17710093,paris_dwl_L3V1.42_2023_12_600s.tar.gz,25793043,md5:c024cb537e4e4d3733c6352ae6f0e05c,https://zenodo.org/api/records/17710093/files/paris_dwl_L3V1.42_2023_12_600s.tar.gz/content
17710093,10.5281/zenodo.17710093,paris_dwl_L3V1.42_2024_01_600s.tar.gz,25226413,md5:8e46277e8c25b5f39166888ef9497dc9,https://zenodo.org/api/records/17710093/files/paris_dwl_L3V1.42_2024_01_600s.tar.gz/content
17710093,10.5281/zenodo.17710093,paris_dwl_L3V1.42_2023_12_3600s.tar.gz,6948368,md5:574a4d311b723d96d9847006b94f69d8,https://zenodo.org/api/records/17710093/files/paris_dwl_L3V1.42_2023_12_3600s.tar.gz/content
17710093,10.5281/zenodo.17710093,paris_dwl_L3V1.42_2022_10_3600s.tar.gz,4939009,md5:aa13643e8c5ba13476977a8d0adc7755,https://zenodo.org/api/records/17710093/files/paris_dwl_L3V1.42_2022_10_3600s.tar.gz/content
17710093,10.5281/zenodo.17710093,paris_dwl_L3V1.42_2022_06_600s.tar.gz,12636813,md5:9455486ae5db5d72c5268c736c3a4f45,https://zenodo.org/api/records/17710093/files/paris_dwl_L3V1.42_2022_06_600s.tar.gz/content
17710093,10.5281/zenodo.17710093,paris_dwl_L3V1.42_2022_11_3600s.tar.gz,3749239,md5:78a9774b8acb86e842790f4ddea3b7a4,https://zenodo.org/api/records/17710093/files/paris_dwl_L3V1.42_2022_11_3600s.tar.gz/content
17710093,10.5281/zenodo.17710093,paris_dwl_L3V1.42_2022_07_3600s.tar.gz,5259726,md5:230576091b8cd1f3bea31c12347086b6,https://zenodo.org/api/records/17710093/files/paris_dwl_L3V1.42_2022_07_3600s.tar.gz/content
17710093,10.5281/zenodo.17710093,paris_dwl_L3V1.42_2022_08_3600s.tar.gz,5324879,md5:756b356f6d83a7d889038021b65e5af9,https://zenodo.org/api/records/17710093/files/paris_dwl_L3V1.42_2022_08_3600s.tar.gz/content
17710093,10.5281/zenodo.17710093,paris_dwl_L3V1.42_2022_06_3600s.tar.gz,3917657,md5:853bad1edb89471d235cf262918a095c,https://zenodo.org/api/records/17710093/files/paris_dwl_L3V1.42_2022_06_3600s.tar.gz/content
17710093,10.5281/zenodo.17710093,paris_dwl_L3V1.42_2022_11_600s.tar.gz,9207072,md5:1dc18e36a186dc9dc85fb04361022b69,https://zenodo.org/api/records/17710093/files/paris_dwl_L3V1.42_2022_11_600s.tar.gz/content
17710093,10.5281/zenodo.17710093,paris_dwl_L3V1.42_2022_12_3600s.tar.gz,3370016,md5:41ae2ba7a1a9110b98bbec8afa0c4b3e,https://zenodo.org/api/records/17710093/files/paris_dwl_L3V1.42_2022_12_3600s.tar.gz/content
17710093,10.5281/zenodo.17710093,paris_dwl_L3V1.42_2022_12_600s.tar.gz,10040498,md5:2e958c6779dac039c5b2d3a07ddeb472,https://zenodo.org/api/records/17710093/files/paris_dwl_L3V1.42_2022_12_600s.tar.gz/content
17710093,10.5281/zenodo.17710093,paris_dwl_L3V1.42_2022_09_600s.tar.gz,17738538,md5:555d99fd6a3b0341471f0c49f059fc0e,https://zenodo.org/api/records/17710093/files/paris_dwl_L3V1.42_2022_09_600s.tar.gz/content
17710093,10.5281/zenodo.17710093,paris_dwl_L3V1.42_2022_10_600s.tar.gz,14426495,md5:af2fd98aad88bc1308bec3a2e4799063,https://zenodo.org/api/records/17710093/files/paris_dwl_L3V1.42_2022_10_600s.tar.gz/content
17710093,10.5281/zenodo.17710093,paris_dwl_L3V1.42_2022_07_600s.tar.gz,17239601,md5:df77e9e0f80d6c9ae221a22895a01296,https://zenodo.org/api/records/17710093/files/paris_dwl_L3V1.42_2022_07_600s.tar.gz/content
17710093,10.5281/zenodo.17710093,paris_dwl_L3V1.42_2022_09_3600s.tar.gz,5569972,md5:f5181d6482807885d2427da6d3065984,https://zenodo.org/api/records/17710093/files/paris_dwl_L3V1.42_2022_09_3600s.tar.gz/content
17710093,10.5281/zenodo.17710093,paris_dwl_L3V1.42_2022_08_600s.tar.gz,17316468,md5:5956a7d70834a4b6fff7f484680374aa,https://zenodo.org/api/records/17710093/files/paris_dwl_L3V1.42_2022_08_600s.tar.gz/content
