core_minus_lead_z,core_minus_lag_z,core_mean_z,lead_mean_z,lag_mean_z,iteration
-0.0776738838054679,-0.06441135354628436,-0.07520636931474318,0.0024675144907247157,-0.010795015768458822,0
0.029748632377496816,0.04051589430396669,0.0042913427344495,-0.025457289643047314,-0.03622455156951719,1
0.06641365689969367,-0.02924334071743186,0.030884812593008227,-0.035528844306685445,0.06012815331044009,2
0.05819393733734003,0.1788873706154139,0.08019992237426772,0.022005985036927685,-0.09868744824114618,3
-0.10148496534198423,-0.03316944038847351,-0.035778334687272734,0.0657066306547115,-0.002608894298799225,4
-0.043926888615427435,0.12060874108788208,0.03596943622139998,0.07989632483682742,-0.0846393048664821,5
-0.01329070478159226,-0.09508913519816206,-0.038932203661898486,-0.025641498880306226,0.05615693153626358,6
-0.0904852682734531,-0.054693830029053106,-0.07446265571140331,0.01602261256204979,-0.019768825682350208,7
0.05727237972007676,0.18621551792045588,0.09250962280952917,0.035237243089452405,-0.09370589511092672,8
-0.045954648916281,0.00027775902414819455,-0.011402019996208131,0.034552628920072874,-0.011679779020356326,9
-0.09725841965573463,-0.1395603042253018,-0.055103519770759946,0.042154899884974686,0.08445678445454186,10
0.07041965426996637,0.12117251958255061,-0.024013961443403852,-0.09443361571337022,-0.14518648102595447,11
-0.2266707324044968,-0.08402688596681403,-0.07245138656911847,0.15421934583537836,0.011575499397695555,12
0.04518229552060481,0.14381227705462346,0.06394287001646355,0.01876057449585874,-0.0798694070381599,13
0.031068916742494027,-0.019613372110979743,0.0013273057305649427,-0.029741611011929084,0.020940677841544686,14
0.06136478885196859,0.04370282897221482,0.06126395462155707,-0.00010083423041151729,0.017561125649342247,15
-0.009065112471236465,-0.04953542313513591,-0.021957694074255817,-0.012892581603019352,0.027577729060880095,16
-0.005024732093005926,0.15389809553153655,0.06149252045950328,0.0665172525525092,-0.09240557507203327,17
-0.13366225006738955,-0.23008691754777771,-0.07143842486057929,0.06222382520681025,0.15864849268719844,18
0.0011734751170958402,-0.11877615148212532,-0.07336725807452806,-0.0745407331916239,0.04540889340759727,19
0.022159432363522635,0.2846436265174249,0.1490577786682956,0.12689834630477295,-0.13558584784912933,20
0.09346508544463325,0.11617623260380472,0.09701657284375212,0.0035514873991188745,-0.0191596597600526,21
0.08945044425023402,0.02472867325595989,0.04260960529577055,-0.046840838954463476,0.01788093203981066,22
-0.0545457322689796,0.1397825034004539,0.07117689716243081,0.1257226294314104,-0.0686056062380231,23
0.08472499794607376,0.00595449137908407,-0.0019475383543287098,-0.08667253630040246,-0.00790202973341278,24
-0.1258038474643795,-0.09924079977878984,-0.04187020884007063,0.08393363862430887,0.05737059093871921,25
-0.15038824370919282,0.0784057693916123,0.041452460195837044,0.19184070390502986,-0.036953309195775254,26
-0.16379190412974395,-0.14618562568918608,-0.14062362031937709,0.023168283810366865,0.005562005369808984,27
0.11868294092244727,0.06898902639662498,0.07941047463130461,-0.03927246629114265,0.010421448234679637,28
-0.049199420504804664,-0.14465811441411347,0.009651504306786986,0.058850924811591654,0.15430961872090046,29
0.006020705433879094,-0.012362274016677454,-0.038118259347193366,-0.04413896478107246,-0.025755985330515912,30
-0.11157186121361276,-0.20837826056862072,-0.12076211300538499,-0.009190251791772231,0.08761614756323573,31
-0.005827521665476516,0.04733629180963145,-0.046346471675446796,-0.04051895000997028,-0.09368276348507824,32
0.05655640895228429,0.05962420086173354,-0.04283073881808946,-0.09938714777037375,-0.102454939679823,33
-0.002700554608215472,0.016101111787264907,0.13940058220048732,0.1421011368087028,0.12329947041322241,34
-0.009120121120902616,0.06852009851318192,-0.04096956594072738,-0.03184944481982476,-0.10948966445390929,35
-0.07280609175669528,0.01886109213388803,-0.05920829040693274,0.013597801349762543,-0.07806938254082077,36
-0.013684094036352526,-0.10286023985198534,-0.09557931664121236,-0.08189522260485983,0.007280923210772971,37
-0.045618038188119645,0.0285891792102545,-0.04371982558257499,0.0018982126055446544,-0.07230900479282949,38
0.09779813450524166,0.03442155729105863,-0.0007327858232329191,-0.09853092032847459,-0.035154343114291546,39
-0.05629834658584246,0.04897865511541065,0.015898590347399558,0.07219693693324201,-0.03308006476801109,40
0.01723338793643303,0.09972726868174545,0.03899595559631106,0.02176256765987803,-0.06073131308543439,41
-0.035655200932373135,-0.08505373255403226,-0.056131947819337925,-0.02047674688696479,0.02892178473469433,42
-0.08530312953496867,-0.015529744575355593,-0.001965154197052532,0.08333797533791613,0.01356459037830306,43
-0.17459465784861844,0.030514725518787797,-0.10156516768380046,0.07302949016481798,-0.13207989320258826,44
0.14537203203632446,0.12712076014552134,0.0888703946433492,-0.05650163739297525,-0.03825036550217214,45
0.039511861175964655,0.013210219279920409,0.04759702325854293,0.008085162082578276,0.034386803978622524,46
0.058135058028032496,0.06345758487137793,0.056290977887146446,-0.0018440801408860538,-0.007166606984231478,47
-0.017198746483429048,-0.07056072282576045,-0.04231072996869366,-0.02511198348526461,0.028249992857066798,48
0.009110692672948752,-0.012450666439489996,-0.004634265077748765,-0.013744957750697518,0.00781640136174123,49
-0.0534318514795461,-0.07024647772445602,-0.04654263798721022,0.006889213492335878,0.023703839737245797,50
-0.0899168330037945,0.10583738975473342,-0.03740051409189623,0.05251631891189827,-0.14323790384662966,51
0.026426308665058462,0.1198748425136865,0.09646572493401906,0.0700394162689606,-0.023409117579667446,52
-0.08408657005133269,0.042537288340718835,0.020366856479595453,0.10445342653092814,-0.022170431861123382,53
0.06394908448162301,0.14044206388680772,0.048883938408201585,-0.015065146073421428,-0.09155812547860613,54
-0.03736873464109085,0.04641239011167457,-0.006233360089135557,0.03113537455195529,-0.05264575020081013,55
0.028872870413664316,-0.07117210351410663,0.058252948917255916,0.0293800785035916,0.12942505243136254,56
-0.004853043498492866,0.022457645654788805,-0.06347561357317195,-0.05862257007467909,-0.08593325922796076,57
-0.1031774601117911,0.02214046568167774,-0.003684137327145517,0.09949332278464558,-0.025824603008823256,58
0.03867242216836017,0.007920457352727409,-0.017382409559650418,-0.05605483172801059,-0.025302866912377826,59
-0.037202387784502015,0.00339215992756179,-0.0497726975210008,-0.012570309736498786,-0.05316485744856259,60
-0.1495187760311903,0.046869956230716325,-0.07169612150980419,0.0778226545213861,-0.11856607774052051,61
-0.011044937135335138,-0.0980611722495069,0.009820098424097883,0.02086503555943302,0.10788127067360478,62
-0.009806011588093605,-0.058688250901005906,-0.04902274667714153,-0.039216735089047924,0.00966550422386438,63
-0.12033876305371365,-0.10864892261086537,-0.07730299955163553,0.04303576350207812,0.03134592305922984,64
0.00016946118308142077,0.08464649586349632,0.02611517740383064,0.025945716220749218,-0.05853131845966568,65
0.05925640294602883,0.0334815367972567,0.007116225254728854,-0.05214017769129998,-0.026365311542527844,66
0.08202773326395574,0.08402390591463789,0.07507578858473016,-0.006951944679225575,-0.008948117329907737,67
0.11558935330419849,0.10677344113305134,0.10665306312617105,-0.008936290178027434,-0.0001203780068802979,68
-0.06736727310403672,0.07274241907163144,-0.039194222953906274,0.02817305015013044,-0.11193664202553771,69
-0.12043984639956859,-0.005235504511911758,-0.051885490007296836,0.06855435639227175,-0.04664998549538508,70
0.010680821684826869,0.3323955339559783,0.15856168681207783,0.14788086512725096,-0.17383384714390052,71
-0.05473921756194172,0.0037963377319357172,-0.056200574004583795,-0.001461356442642075,-0.05999691173651951,72
-0.027684601533156737,-0.06988025703440287,-0.02706281373190033,0.0006217878012564074,0.042817443302502534,73
0.06271970070394121,0.03181066402439692,0.017357304909287337,-0.04536239579465388,-0.014453359115109579,74
-0.047086075486876135,-0.11685047948170979,-0.04337860307615399,0.003707472410722148,0.0734718764055558,75
-0.014839785141053476,-0.0708423317596437,-0.0364859262829163,-0.021646141141862828,0.0343564054767274,76
0.04174868374016188,0.07012690090195103,0.029659149501232294,-0.012089534238929585,-0.04046775140071874,77
-0.03729215628606288,-0.013079565836200641,-0.0015158921583134542,0.035776264127749424,0.011563673677887187,78
-0.010192583287078366,-0.05730356326540302,0.07378754816253895,0.08398013144961732,0.13109111142794197,79
-0.004151986341698284,-0.10434934984881586,-0.04082187583823626,-0.036669889496537975,0.06352747401057961,80
0.13432014499738287,0.11033990512348688,0.06041636720455612,-0.07390377779282677,-0.049923537918930755,81
0.17469745917568244,0.165292645026104,0.15091049182218455,-0.023786967353497883,-0.014382153203919433,82
-0.12101047830954936,-0.07889979417385029,-0.07295011388902298,0.04806036442052638,0.005949680284827316,83
-0.06454998429054676,0.09853079936007723,0.049676250439230206,0.11422623472977697,-0.04885454892084703,84
0.09862107606722674,0.06643348662343349,0.03322103895650329,-0.06540003711072345,-0.033212447666930205,85
0.19230643618356402,0.1385748643475181,0.14465087310871866,-0.04765556307484538,0.006076008761200572,86
0.1797964593498666,0.1280654645570609,0.06553304162495623,-0.11426341772491039,-0.06253242293210466,87
-0.1217409765146644,-0.08960636046731084,-0.08262016990807011,0.039120806606594276,0.006986190559240728,88
0.04183806007911911,-0.007168194918301955,0.020099973417335378,-0.021738086661783732,0.027268168335637333,89
-0.03501538307498872,0.018199621492590072,-0.004413052785079215,0.030602330289909507,-0.022612674277669286,90
0.06916091395642994,0.0013503831992566773,0.09897488118558809,0.02981396722915815,0.09762449798633141,91
-0.019869636331011263,0.01608588839263856,0.054929100399492746,0.07479873673050401,0.038843212006854186,92
0.02464201553036873,0.20987447486625863,0.06783747299454843,0.043195457464179694,-0.1420370018717102,93
-0.19037423657774818,-0.1242759559583104,-0.17082289134183334,0.019551345235914848,-0.04654693538352294,94
-0.1651835731856009,-0.07200077587782427,-0.0830268992323882,0.08215667395321272,-0.011026123354563919,95
-0.016578377069566934,0.037654484085937794,-0.04526950060956327,-0.028691123539996338,-0.08292398469550107,96
-0.10970523238857638,0.0036084208443760077,-0.04605131028858986,0.06365392209998652,-0.049659731132965866,97
-0.021746035144600964,0.040593844808023055,0.003524232908560211,0.025270268053161175,-0.03706961189946285,98
-0.12353971764572812,-0.0952730247001539,-0.08647885965582709,0.037060857989901025,0.008794165044326811,99
-0.059315346407352254,0.09742130621061915,-0.017752798711286495,0.04156254769606576,-0.11517410492190563,100
-0.06143864473996812,-0.08650279214546854,-0.09506998143296867,-0.03363133669300055,-0.008567189287500141,101
-0.02560734907766281,0.09161042889364507,-0.038940406399457984,-0.013333057321795173,-0.13055083529310305,102
0.16420662561457908,0.09776441661359726,0.1366590262993608,-0.027547599315218274,0.03889460968576354,103
0.10956624631457612,0.005573816519632235,0.07056765707923805,-0.03899858923533806,0.06499384055960582,104
-0.05751495435834103,-0.11712875904764085,-0.09801748204618117,-0.04050252768784014,0.01911127700145968,105
-0.03304260383263634,-0.023641597063601073,-0.016665169134882675,0.016377434697753667,0.006976427928718398,106
-0.055492512145911596,-0.057512341628376706,-0.0429341964405926,0.012558315705318998,0.014578145187784108,107
0.011961753282424499,-0.05895014509383784,-0.04897547190425341,-0.06093722518667791,0.009974673189584437,108
0.033131478825163166,0.06533261692569438,0.004270426740114984,-0.028861052085048182,-0.061062190185579394,109
-0.036490720207720324,0.08786382141168038,0.02347894359887459,0.059969663806594915,-0.06438487781280579,110
-0.047520223614765114,0.02524607421405874,-0.008414261522944489,0.03910596209182063,-0.03366033573700323,111
0.022496367190863155,-0.05161436832307509,-0.021503672853377412,-0.04400004004424057,0.03011069546969768,112
0.0018544912912036964,0.03359724459366997,-0.02661389178772435,-0.028468383078928048,-0.060211136381394324,113
0.0739285867166453,0.12191294223573837,0.08508988671722802,0.011161300000582708,-0.03682305551851035,114
-0.059211018129067275,-0.0010455324007827282,-0.07493304356366913,-0.01572202543460185,-0.0738875111628864,115
-0.15332097662415783,-0.041432207993217465,-0.08783604083335309,0.06548493579080475,-0.04640383284013562,116
-0.08629330244330871,0.003254949872351592,0.016367384589848703,0.10266068703315742,0.013112434717497111,117
0.019135570671535526,0.025366609984270927,0.005075155691294903,-0.014060414980240623,-0.020291454292976026,118
0.027553967661398494,-0.09963955985380822,0.027340138367849914,-0.00021382929354857904,0.12697969822165814,119
0.012452599594669232,0.028810340320613165,-0.033312647634648036,-0.04576524722931727,-0.0621229879552612,120
-0.054346182053144586,-0.020878113746078838,0.007181695519125464,0.06152787757227005,0.0280598092652043,121
-0.18264864800679448,-0.03101593060497275,-0.01898394838025397,0.1636646996265405,0.012031982224718778,122
0.11983132365642625,0.1812538068103199,0.08033805320527367,-0.039493270451152584,-0.10091575360504625,123
-0.05648464723126526,0.028413800724593388,-0.0526519483253243,0.003832698905940965,-0.08106574904991769,124
-0.08312875494356556,-0.09549383411751503,-0.08417711742552789,-0.0010483624819623333,0.011316716691987133,125
-0.04602732827570851,0.010696051871965505,-0.04332508674401529,0.0027022415316932174,-0.0540211386159808,126
0.06362455269568051,0.008205097674307799,0.05387693421114925,-0.009747618484531265,0.045671836536841454,127
-0.040449617893397655,-0.006651099616483981,0.010635794366579564,0.05108541225997722,0.017286893983063545,128
-0.06781646490742765,-0.1320297982169028,-0.03153394542835845,0.03628251947906921,0.10049585278854435,129
-0.06180516739560934,-0.07350487948732848,-0.05920618438394898,0.0025989830116603615,0.014298695103379505,130
-0.00914710071845741,0.004833633724792362,-0.014140502383249855,-0.004993401664792444,-0.018974136108042217,131
-0.23608344007413207,-0.12150996541741796,-0.13137142320171843,0.10471201687241363,-0.009861457784300478,132
0.02692000304432813,0.05394650887827434,0.01653099405931422,-0.01038900898501391,-0.03741551481896012,133
-0.024581021989828082,0.0462215743497121,0.0390953283541905,0.06367635034401858,-0.007126245995521597,134
0.13096270521497397,-0.017918244418519767,0.0477204471961527,-0.08324225801882128,0.06563869161467246,135
0.022429529829196583,0.13209019636839392,-0.039276595934410886,-0.06170612576360747,-0.1713667923028048,136
-0.029541822386574837,0.05100842627118822,0.07626734134099926,0.1058091637275741,0.025258915069811042,137
-0.04067511321514695,-0.013731204172285124,-0.044046902778354616,-0.003371789563207667,-0.030315698606069492,138
0.0505916999976159,-0.09798048783799526,-0.020975950641031065,-0.07156765063864697,0.07700453719696419,139
-0.02307501655698449,-0.03422947773122689,0.0017742092012232563,0.024849225758207746,0.03600368693245015,140
-0.05296632158520581,0.10489877411540843,0.01835072054249798,0.07131704212770379,-0.08654805357291045,141
0.13342929673563428,0.12047287233488407,0.13145698858702673,-0.001972308148607548,0.010984116252142653,142
-0.0047819275185967125,-0.063304342930794,0.030817548400434575,0.03559947591903129,0.09412189133122857,143
0.0022738862175505706,-0.0659504405500703,-0.02223134779599967,-0.02450523401355024,0.043719092754070626,144
0.057992738289695395,0.16563358148346646,0.07890911754016702,0.02091637925047163,-0.08672446394329944,145
-0.04931554712062624,0.06902743279001405,0.03698241912708825,0.08629796624771449,-0.03204501366292581,146
0.1534634824028433,0.011407908905457814,0.12090334763548899,-0.03256013476735432,0.10949543873003117,147
0.004905311338669793,-0.06873111848458334,-0.025559199440258078,-0.03046451077892787,0.04317191904432526,148
-0.0558384269186607,-0.04930919851698959,0.00421043862839492,0.060048865547055616,0.05351963714538451,149
-0.08584069009575068,0.0162607095710076,-0.07700159977412287,0.00883909032162781,-0.09326230934513047,150
0.048101948930396356,0.03005073318089886,-0.012925078894509478,-0.061027027824905836,-0.04297581207540834,151
-0.04539213620485625,0.1239022297515952,0.042049429654915975,0.08744156585977222,-0.08185280009667924,152
0.08456196187335684,0.058219839036578416,0.09412374276726146,0.009561780893904618,0.03590390373068304,153
-0.025877833969249323,-0.04061849139133786,0.0618215000166306,0.08769933398587992,0.10243999140796846,154
0.08882190421068904,-0.037141225353944644,0.04147982491378025,-0.04734207929690879,0.0786210502677249,155
-0.043093196986082175,-0.106026465033052,-0.07812697649911453,-0.035033779513032354,0.027899488533937478,156
0.05180795362048535,0.10269797409230091,0.11638167125228849,0.06457371763180314,0.01368369715998758,157
-0.08913949153838971,0.06991027737165229,-0.08466275104797599,0.004476740490413719,-0.15457302841962828,158
-0.07126824133660832,0.0328617194795895,0.020896627127382036,0.09216486846399036,-0.011965092352207461,159
-0.027175633705835076,-0.020863399431697245,-0.03893708332610606,-0.01176144962027099,-0.018073683894408818,160
-0.1294250033502864,-0.09835565751609215,-0.05446183310606568,0.07496317024422072,0.04389382441002647,161
-0.016839805500592647,0.10243341253242358,0.01048601923125805,0.027325824731850697,-0.09194739330116553,162
0.12130531856555439,0.05820145703675397,0.032618898328190274,-0.08868642023736412,-0.0255825587085637,163
-0.09308316613559808,-0.16177683254397973,-0.08938780674861709,0.0036953593869810024,0.07238902579536263,164
0.12894381473159514,0.036955942681530796,0.1416634377552561,0.012719623023660968,0.10470749507372532,165
-0.06895893601330796,-0.0659453872994512,0.0025864088639687938,0.07154534487727676,0.06853179616341999,166
-0.07837074520280267,0.017133207916720895,-0.018222712074572784,0.06014803312822988,-0.03535591999129368,167
-0.023499729205606272,-0.0881122811028176,-0.019116713942596338,0.0043830152630099355,0.06899556716022126,168
-0.07988661168362832,-0.014613022739429639,-0.06833829714220349,0.011548314541424833,-0.05372527440277385,169
-0.045308950490604946,-0.176853943605212,-0.03383045791497817,0.011478492575626779,0.14302348569023385,170
-0.21021184443712143,-0.21568622702651577,-0.13761031241639932,0.07260153202072211,0.07807591461011645,171
-0.09439673366120609,-0.08528281720907466,-0.04001996596493395,0.05437676769627214,0.0452628512441407,172
0.05632801605934199,-0.11263376249490756,-0.014539270125183227,-0.07086728618452522,0.09809449236972433,173
-0.11366994665674224,-0.08499956949421764,-0.05824300938110309,0.05542693727563914,0.02675656011311454,174
-0.13296696831996868,0.10080487203711604,-0.07009112855146322,0.06287583976850547,-0.17089600058857926,175
0.08783683535180664,0.1575818779665374,0.09628299931874312,0.008446163966936485,-0.06129887864779425,176
-0.16353993038993309,-0.06650113361923268,-0.05533531447220562,0.10820461591772745,0.011165819147027068,177
-0.09719261469607465,-0.028721618477848807,-0.041911189588874194,0.055281425107200466,-0.013189571111025387,178
-0.03667764090813933,-0.07229646067253528,-0.037668393256372446,-0.0009907523482331148,0.03462806741616283,179
0.13689273672715355,0.11233069464278825,0.09447250271585395,-0.042420234011299594,-0.017858191926934303,180
-0.10433268420336471,-0.18862467311933884,-0.1141585521059295,-0.009825867902564794,0.07446612101340934,181
0.007907699031422445,0.019466222043378854,-0.0389662183982197,-0.04687391742964214,-0.05843244044159855,182
0.06674783772927562,-0.02055780342107489,0.046054009924526164,-0.02069382780474945,0.06661181334560105,183
-0.05563388816709475,-0.034982671295966314,-0.04377026245509566,0.011863625711999086,-0.008787591159129346,184
-0.0035088888010763424,0.025271790002531675,0.029286722068310785,0.03279561086938713,0.004014932065779109,185
-0.0711732067609532,-0.04533131339714003,-0.08385890434304312,-0.012685697582089917,-0.03852759094590309,186
-0.13205206508263914,0.027910685639200232,-0.038284675006631734,0.0937673900760074,-0.06619536064583197,187
0.04932679345752955,0.1478294875845615,0.10749982988692626,0.05817303642939671,-0.04032965769763524,188
-0.007947477235481365,0.046977682637372134,0.03301103586549631,0.04095851310097767,-0.013966646771875826,189
-0.11181455239515115,-0.04297833733806863,0.028310150040291672,0.1401247024354428,0.0712884873783603,190
-0.2086779044577924,0.05394857558084297,0.02226928433826857,0.230947188796061,-0.0316792912425744,191
0.008334663926749468,0.06836074343369931,0.04573869451766697,0.0374040305909175,-0.022622048916032346,192
0.02887416070764793,0.11855638236504337,0.055777081351563736,0.026902920643915806,-0.06277930101347963,193
0.05679826330405108,-0.07930655108069644,-0.01892148352350678,-0.07571974682755786,0.06038506755718966,194
-0.0002159369556283125,-0.007653034354270852,-0.033313262667169816,-0.0330973257115415,-0.025660228312898964,195
0.07817479863635726,0.05238561101032973,0.02616963065524712,-0.05200516798111014,-0.02621598035508261,196
-0.04433798212546164,0.07623650261265846,0.0816524207679111,0.12599040289337274,0.005415918155252634,197
0.05477016337825842,0.06995755850788195,0.011588684290977277,-0.04318147908728114,-0.058368874216904676,198
-0.05512552681189279,-0.01244476575044974,-0.06363834075036724,-0.00851281393847445,-0.0511935749999175,199
0.009634985600773124,-0.1299182129075075,-0.02096931278088398,-0.030604298381657104,0.1089489001266235,200
0.124273055205391,0.08144121235202915,0.08706222629106908,-0.037210828914321925,0.005621013939039926,201
0.09108647357780017,-0.026976027176432903,0.05079235552111245,-0.04029411805668772,0.07776838269754535,202
0.14332259483017912,-0.00010477578006416743,0.03367756072853405,-0.10964503410164508,0.033782336508598215,203
0.11073964739980854,0.23812238871213753,0.16167366339442846,0.050934015994619906,-0.07644872531770906,204
0.10988119898858369,0.05943810387458705,0.02867518089626249,-0.0812060180923212,-0.03076292297832456,205
0.10863444619365217,-0.07548811943834609,0.0488306366918895,-0.05980380950176268,0.12431875613023559,206
-0.16302556607589203,-0.21686483366929227,-0.12572435456221748,0.037301211513674534,0.09114047910707479,207
0.01791443537400391,-0.0009530457604733644,-0.022386968313822815,-0.040301403687826726,-0.02143392255334945,208
-0.014837744693782254,0.06402295959753672,0.06475567636961875,0.079593421063401,0.0007327167720820375,209
-0.22684529237488568,-0.09817420637261873,-0.13206969342358119,0.0947755989513045,-0.033895487050962465,210
-0.0671146018923243,-0.014231137595742696,-0.10502286109533827,-0.03790825920301399,-0.09079172349959558,211
-0.006046194203895307,-0.037451554711365354,-0.005734299171303411,0.0003118950325918962,0.031717255540061946,212
0.030532223527179547,0.21001678960054707,0.15803339295816674,0.1275011694309872,-0.05198339664238033,213
0.015775762851183275,0.048574400395503696,0.09735514912087155,0.08157938626968828,0.048780748725367855,214
0.01695710072033268,0.09442531763130535,-0.0020203685596108,-0.018977469279943482,-0.09644568619091615,215
-0.04466120916519247,0.023906790273517543,-0.0015052175321827762,0.0431559916330097,-0.02541200780570032,216
-0.08225313020014541,-0.13577707021481467,-0.08055699193200573,0.0016961382681396733,0.05522007828280892,217
-0.056786359763435046,-0.0877211312015872,-0.04750047639778296,0.009285883365652087,0.04022065480380423,218
-0.019091132799051266,0.039956186559019724,0.06892307927769083,0.0880142120767421,0.028966892718671106,219
0.037306061643651675,0.03602082591099545,0.017594644817238037,-0.019711416826413638,-0.01842618109375742,220
-0.07751517593382679,0.025968047407926936,-0.044129144686626126,0.033386031247200666,-0.07009719209455306,221
0.12919555748164563,0.04500030873103115,0.08095839107006961,-0.04823716641157601,0.03595808233903846,222
-0.027230868791816208,-0.04024479220042232,-2.6018210827206127e-05,0.027204850580989003,0.040218773989595114,223
0.21097279349533576,0.13985559811416062,0.17701939391108634,-0.03395339958424942,0.03716379579692572,224
0.15365149520833946,0.09794263836340197,0.027433019195523038,-0.1262184760128164,-0.07050961916787894,225
-0.07067599340988792,-0.12410021845101124,-0.06435815943080889,0.006317833979079029,0.05974205902020236,226
-0.043751617133330936,-0.10084830831818772,-0.0657616507429351,-0.02201003360960416,0.03508665757525264,227
-0.11446046169494294,-0.06776474158343637,-0.09067642283497793,0.02378403885996501,-0.022911681251541558,228
0.08310536118270395,0.03517583738451898,0.02979781974499724,-0.053307541437706704,-0.005378017639521738,229
0.006012552598069966,0.03157985715257565,-0.03148573888336162,-0.037498291481431585,-0.06306559603593727,230
-0.10881753551853748,0.05852076408556408,-0.05802623499950089,0.050791300519036596,-0.11654699908506497,231
-0.16675877072898104,-0.09732499369886952,-0.10041847682556053,0.0663402939034205,-0.0030934831266910077,232
-0.03519173286004079,-0.10310210744290386,-0.10799855121835902,-0.07280681835831823,-0.004896443775455165,233
0.08450645578110058,-0.05133033578578566,-0.02038175277292439,-0.10488820855402498,0.030948583012861266,234
0.02343645104779892,0.021062238483751515,-0.042238847189554236,-0.06567529823735316,-0.06330108567330575,235
0.11615604421491767,0.03578676084180493,0.009693440341734944,-0.10646260387318272,-0.02609332050006999,236
-0.06415968263595392,-0.1006600907622135,-0.04225586070676369,0.02190382192919023,0.058404230055449806,237
0.07307414614786782,-0.06881973235484598,0.05909376207947301,-0.013980384068394814,0.127913494434319,238
0.048434316747432746,0.03400046936996707,-0.023878865964738316,-0.07231318271217106,-0.057879335334705385,239
0.06251369410452717,0.19992882119434385,0.15771809181766028,0.0952043977131331,-0.04221072937668356,240
0.07690685967132065,0.07277403245247288,0.07710492323665591,0.0001980635653352563,0.004330890784183033,241
0.02640835737780295,-0.03618742708942266,-0.011581985556071152,-0.0379903429338741,0.024605441533351508,242
-0.057170933914071985,0.007254805151459827,-0.04908366007728566,0.008087273836786325,-0.056338465228745485,243
0.18105987954119251,0.12711055874802885,0.11447941465950386,-0.06658046488168867,-0.012631144088524992,244
0.009333353966623112,0.012547733503373924,-0.0035540072623216454,-0.012887361228944757,-0.01610174076569557,245
-0.031181341636887003,-0.21575047034570827,-0.13266892643588207,-0.10148758479899507,0.08308154390982618,246
0.01234789971337065,0.2027496941839499,0.09924729361735718,0.08689939390398653,-0.1035024005665927,247
0.13337330526948404,0.2265253842610118,0.11424996952297779,-0.019123335746506244,-0.112275414738034,248
-0.00900002522950663,0.009406985294131628,-0.04527705926613906,-0.036277034036632426,-0.054684044560270685,249
-0.09097423529843542,0.015090711494679698,-0.01469736056099171,0.07627687473744371,-0.029788072055671407,250
0.03897125072825944,-0.04123003490318452,0.031274602942679135,-0.007696647785580303,0.07250463784586365,251
-0.1039724861514626,0.03921031120846993,-0.04182937990597903,0.06214310624548357,-0.08103969111444896,252
0.07912940843029723,0.03226421513335964,0.0835532578269683,0.004423849396671082,0.051289042693608664,253
-0.12181960602053776,-0.11886539616326791,-0.1520398996888268,-0.030220293668289048,-0.03317450352555889,254
0.021190291518877614,0.022049463084684362,0.06338413249551132,0.04219384097663371,0.04133466941082696,255
-0.05227452103722176,0.06240177049063684,0.00869559924392281,0.06097012028114457,-0.05370617124671403,256
-0.005874998530753864,-0.060954052140728764,0.004246549794752247,0.010121548325506111,0.06520060193548101,257
-0.07253873572974977,-0.06555471817383249,-0.04428252249371513,0.028256213236034642,0.021272195680117362,258
0.00021398560336924333,-0.013786432973214496,0.045656319724686686,0.04544233412131744,0.05944275269790118,259
0.03507688825494,-0.07953100929231618,-0.017160473789396353,-0.052237362044336356,0.062370535502919836,260
-0.057107145995751084,-0.10364229529504906,-0.06203008407502615,-0.0049229380792750665,0.04161221122002292,261
0.06408550656521972,0.21112391412836362,0.10032484979939482,0.03623934323417511,-0.11079906432896881,262
0.1198525119085819,0.008535834641813785,0.03780355932727306,-0.08204895258130883,0.029267724685459278,263
0.05203610796616085,0.1287874960053625,0.04264929024931922,-0.009386817716841635,-0.08613820575604328,264
-0.17962694036542826,-0.11556963531348438,-0.1517686358172086,0.027858304548219675,-0.03619900050372422,265
-0.03839689674715469,0.0654096937284439,-0.0014849077820668708,0.03691198896508782,-0.06689460151051077,266
-0.13684660580197452,0.14917574720063775,-0.009508386480455338,0.12733821932151917,-0.1586841336810931,267
-0.15629405790333398,-0.14752125022414414,-0.15129945680326562,0.004994601100068359,-0.003778206579121479,268
0.19264944344399523,0.2584992303846768,0.13299642213703464,-0.05965302130696059,-0.12550280824764218,269
0.0909547701697286,0.08967174968883193,0.06568972933010336,-0.025265040839625233,-0.02398202035872856,270
-0.14173170473533378,-0.12335354241734836,-0.04723144879235628,0.09450025594297749,0.07612209362499207,271
-0.006790341639612882,0.02490730397203553,0.04021749543566614,0.04700783707527902,0.01531019146363061,272
-0.01850812419000863,-0.0751004014262866,-0.041268849390554356,-0.022760725200545725,0.03383155203573224,273
0.08560679268223072,-0.021149578435209204,0.03209568317752571,-0.05351110950470501,0.053245261612734913,274
0.05443090695635146,0.06514291799689235,0.030063540489925634,-0.024367366466425823,-0.03507937750696672,275
0.0879194157741836,0.04110457938203423,0.0229323078445395,-0.0649871079296441,-0.018172271537494733,276
-0.1097866477504932,-0.12700746966081977,-0.13760238688787663,-0.027815739137383434,-0.010594917227056846,277
-0.10203036987069006,0.0012878902180035665,-0.03010984411702388,0.07192052575366617,-0.03139773433502745,278
0.02305359339609509,-0.0670963273656668,-0.05295959771737007,-0.07601319111346516,0.014136729648296724,279
0.11255252743931518,0.14714190593694196,0.029044984551051565,-0.08350754288826362,-0.1180969213858904,280
0.010643474869121941,0.02336967780818989,0.06185968395466587,0.05121620908554393,0.038490006146475984,281
-0.04970223636082234,-0.06251547498656801,-0.028156932489929662,0.021545303870892676,0.03435854249663834,282
0.07011751172662369,0.11149074894147795,0.06390083467207948,-0.0062166770545442115,-0.047589914269398466,283
0.1895559902560276,0.0834794776659398,0.11922141864324153,-0.07033457161278606,0.035741940977301725,284
-0.10610797342207169,0.04346473002348093,-0.030956890940652116,0.07515108248141958,-0.07442162096413305,285
0.07419222825998928,0.0062863849404850465,-0.02063288940858574,-0.09482511766857502,-0.026919274349070786,286
-0.016785409309619647,-0.019771856545412844,-0.003287593013362706,0.013497816296256942,0.01648426353205014,287
-0.13304237962790286,0.00537921137467862,-0.02990255080485753,0.10313982882304533,-0.03528176217953615,288
-0.0974558554026263,-0.1578300172885615,-0.11209684934641645,-0.014640993943790141,0.04573316794214506,289
0.089645126440933,0.17550732070250863,0.11510244127201856,0.025457314831085556,-0.060404879430490055,290
-0.02212681464728252,-0.07756947655422444,-0.07342244615181509,-0.05129563150453257,0.004147030402409358,291
-0.006212457518982941,0.12838850915104166,0.022205598447135304,0.028418055966118246,-0.10618291070390636,292
0.05720859134471673,-0.08442425675258898,-0.02186979100771312,-0.07907838235242985,0.06255446574487586,293
-0.025908386660585828,-0.05299548696826933,-0.0052922608205933286,0.020616125839992498,0.047703226147676,294
-0.04517985332050151,0.0974379179090762,0.0375633569410952,0.08274321026159671,-0.059874560967981,295
-0.11180974211300376,-0.08566284274452182,-0.06105164737808979,0.05075809473491397,0.024611195366432026,296
0.02391495758087639,0.05632333707447036,0.0347576268029553,0.010842669222078912,-0.021565710271515062,297
-0.08007415694445505,-0.10833184527801316,-0.10102125327355256,-0.020947096329097508,0.007310592004460609,298
0.030153407988109428,0.0848089226398264,0.06718191138385955,0.037028503395750124,-0.01762701125596684,299
-0.046245788689420336,0.002159675218697227,-0.05635920166329936,-0.010113412973879025,-0.058518876881996584,300
0.11660880392602355,0.06388784869952592,0.026571784516677625,-0.09003701940934591,-0.037316064182848295,301
0.06705510467693782,-0.010279509259523527,0.027337591159285093,-0.03971751351765272,0.03761710041880862,302
-0.09184628792610652,0.10259366319201366,-0.047510003423691875,0.044336284502414655,-0.15010366661570554,303
-0.06319852401744634,-0.013704240305449731,-0.024829703068245296,0.03836882094920104,-0.011125462762795565,304
-0.1301827797005633,0.13320440440283002,-0.012735277487705698,0.11744750221285762,-0.14593968189053572,305
-0.10020345664946179,0.060906216314959453,0.011437690905334759,0.11164114755479655,-0.049468525409624695,306
-0.18656038395242758,-0.028928485863861073,-0.053448394651659535,0.13311198930076804,-0.024519908787798462,307
0.014820596795863408,-0.1794913236138614,-0.10787652315474326,-0.12269711995060667,0.07161480045911811,308
0.06519219888509188,0.10459173899899954,0.015729435235059718,-0.04946276365003217,-0.08886230376393982,309
0.08292965611527196,0.1963499548064901,0.08000522197798741,-0.002924434137284555,-0.11634473282850268,310
-0.0924009103667448,-0.07588597103762912,-0.07278143963251954,0.01961947073422526,0.003104531405109573,311
0.03301659876033584,0.08927476414470714,0.029887471063303986,-0.0031291276970318496,-0.05938729308140315,312
0.20467055875973084,0.09838547679659036,0.14012203665905532,-0.06454852210067552,0.04173655986246495,313
0.08086128926883375,0.007969648825425604,-0.007791964191879828,-0.08865325346071358,-0.015761613017305432,314
-0.10430581030038583,-0.11748706276614636,-0.08919562001201391,0.015110190288371917,0.028291442754132454,315
0.07726567699887124,0.005252289504647199,0.031262341344083566,-0.04600333565478767,0.026010051839436367,316
-0.0998235887216615,-0.1789310808718313,-0.10338962617921327,-0.0035660374575517744,0.07554145469261801,317
-0.03979368836857225,0.1356079042397039,0.015699805829353982,0.05549349419792623,-0.11990809841034991,318
-0.0783822356350285,0.06641618972489795,0.038616968480993975,0.11699920411602248,-0.027799221243903976,319
0.022198022530995603,0.0973256316485829,0.015054975015609111,-0.007143047515386493,-0.0822706566329738,320
-0.12918562290733546,-0.2585680444606073,-0.16098063225663514,-0.03179500934929969,0.0975874122039722,321
0.05192012853137726,-0.03217402836540695,-0.04839113423561012,-0.10031126276698737,-0.01621710587020317,322
-0.05742605302697171,-0.062402660228800456,-0.08584506484878988,-0.028419011821818177,-0.023442404619989428,323
0.03179088058854586,0.07245485615077865,0.09680450358896889,0.06501362300042303,0.024349647438190236,324
-0.03453394995848569,-0.06655061649121913,-0.04444957789077627,-0.009915627932290578,0.022101038600442862,325
0.008310050842814234,-0.008010834697627228,-0.05933523035652931,-0.06764528119934354,-0.05132439565890208,326
-0.177767767975207,-0.10005026585212815,-0.08529666793691243,0.09247110003829455,0.01475359791521572,327
0.08747698515003785,0.10686465422457697,0.1319231813023652,0.04444619615232734,0.02505852707778822,328
-0.07560190926627738,0.05726242880357855,-0.001308209382652702,0.07429369988362468,-0.05857063818623125,329
-0.10441133747217897,-0.02555190278749829,-0.01775563803376795,0.08665569943841102,0.007796264753730341,330
0.06658020427358569,0.094665262831752,0.13216245292639076,0.06558224865280507,0.03749719009463876,331
0.05330641357559117,0.03658102856547446,0.019328542537901023,-0.03397787103769015,-0.017252486027573434,332
-0.06380962647984544,-0.05489704327956887,-0.033278417056061535,0.030531209423783897,0.021618626223507333,333
0.03519529308863568,0.05215144853844594,-0.03210943135087251,-0.06730472443950819,-0.08426087988931845,334
0.020008282995731465,-0.03358125651393383,-0.033075625748894805,-0.05308390874462627,0.0005056307650390283,335
0.13973101522770312,-0.004125948976188346,0.027755009689077608,-0.11197600553862551,0.031880958665265954,336
-0.1004245044784367,-0.02162372156272408,0.011923908052882693,0.1123484125313194,0.033547629615606776,337
-0.13332195136430255,-0.10618653762335015,-0.16171954861817628,-0.02839759725387372,-0.05553301099482614,338
-0.0710786050466163,-0.024833041525765737,-0.15550709841080546,-0.08442849336418916,-0.13067405688503972,339
0.014760521660146922,0.08597035566469718,0.006972740232269126,-0.007787781427877795,-0.07899761543242806,340
-0.004032905676333149,0.0006902737526461701,-0.005313156513616774,-0.0012802508372836258,-0.0060034302662629446,341
-0.0799196577728838,-0.02030579456801611,-0.00954757374897606,0.07037208402390774,0.010758220819040046,342
0.046652007132134174,0.017418380473485602,0.03357953855743832,-0.013072468574695859,0.016161158083952715,343
0.058686691590584074,0.1712837190203047,0.01984694664198624,-0.038839744948597835,-0.15143677237831846,344
0.0004484168256017537,-0.11323077372199469,-0.0573703075664391,-0.05781872439204085,0.0558604661555556,345
0.018987675846023358,0.18546511825181866,0.03715643766665312,0.018168761820629764,-0.14830868058516555,346
-0.07067933636370058,0.03233495374267416,-0.04616241946772978,0.024516916895970804,-0.07849737321040394,347
-0.14247740449532725,-0.006475651971032972,-0.03408591692262431,0.10839148757270294,-0.02761026495159134,348
0.025524659681266583,0.042298268600424016,-0.014767680939962042,-0.04029234062122863,-0.05706594954038606,349
-0.06799150356452366,-0.05091543524532163,-0.08533284251877857,-0.017341338954254912,-0.034417407273456935,350
-0.2218697085522498,-0.16958511691646466,-0.13207215288706955,0.08979755566518023,0.03751296402939509,351
-0.20721457017738615,-0.09333756362290205,-0.10268703247768875,0.10452753769969741,-0.009349468854786698,352
-0.03180367217882554,-0.17588576139783696,-0.048511467342426076,-0.01670779516360053,0.1273742940554109,353
0.10692796117105802,0.10668910327610365,0.03776336121395949,-0.06916459995709853,-0.06892574206214416,354
-0.09810424152044017,-0.059626014071422505,-0.009572837491500013,0.08853140402894016,0.05005317657992249,355
0.12012622968140742,0.049086781613226695,0.019655374282648793,-0.10047085539875862,-0.0294314073305779,356
-0.01849795747462877,0.010390717514638,-0.05637260227948975,-0.03787464480486098,-0.06676331979412775,357
-0.09342523140936124,0.004294379749445923,-0.09406939796719022,-0.0006441665578289792,-0.09836377771663614,358
-0.022381254361498924,0.09360460560238236,0.05372883020116797,0.0761100845626669,-0.03987577540121439,359
-0.11520870797785503,-0.04402177130497344,-0.05581242587830429,0.05939628209955074,-0.011790654573330854,360
0.0443316952613899,0.009128620307065443,-0.02725008482923658,-0.07158178009062648,-0.03637870513630202,361
-0.0865197978798415,-0.06799686158872688,-0.10115730759897767,-0.014637509719136176,-0.033160446010250796,362
0.07170690451898376,0.0504157689731797,0.0568647619099803,-0.014842142609003458,0.006448992936800599,363
-0.01638985387777927,-0.03777215417312671,-0.05897164252151235,-0.04258178864373308,-0.021199488348385642,364
0.053429437228654515,0.04037100500432285,0.03624295890247054,-0.017186478326183974,-0.004128046101852308,365
0.05294049883455034,0.01764436528354916,-0.012583743420522353,-0.0655242422550727,-0.03022810870407151,366
-0.14321903370139133,0.03864382087292536,-0.051759282349993364,0.09145975135139797,-0.09040310322291872,367
0.1721317443962277,0.11260586242605233,0.053371855456217865,-0.11875988894000981,-0.059234006969834475,368
-0.06685715602936966,-0.06691580646963667,-0.06590645699134504,0.0009506990380246202,0.0010093494782916304,369
-0.08129439543002502,0.0905400521228846,-0.025832141656453818,0.0554622537735712,-0.11637219377933843,370
-0.05037047447097831,-0.19434043881918453,-0.15153946891024167,-0.10116899443926336,0.04280096990894286,371
-0.09780484274999364,-0.056069510962550285,-0.006618697661213079,0.09118614508878056,0.04945081330133721,372
-0.07526460967631904,-0.0625840543859342,-0.06830626328986858,0.006958346386450453,-0.005722208903934378,373
0.07096075731475605,-0.019991355401960953,0.040197323462430636,-0.030763433852325422,0.06018867886439159,374
-0.02690953876387491,-0.08502825229791834,-0.07200565021809362,-0.045096111454218706,0.01302260207982473,375
0.14461260985484764,0.09222382898459028,0.08949698790363013,-0.05511562195121752,-0.002726841080960149,376
0.05303187293060163,-0.07029513514102476,0.01394677417360239,-0.03908509875699924,0.08424190931462715,377
-0.11705551440122465,-0.06071993161687165,-0.10472312449112196,0.012332389910102692,-0.044003192874250315,378
0.031218410736088092,0.08176206103117338,0.029406845852996733,-0.0018115648830913595,-0.052355215178176644,379
-0.11679150543707238,-0.12821467568910141,-0.14695370204841487,-0.030162196611342493,-0.018739026359313467,380
-0.0961023473527523,-0.04252473591637099,-0.05958000996370899,0.03652233738904332,-0.017055274047338007,381
-0.016085689808954196,0.12075559338956493,0.07842149528118969,0.09450718509014389,-0.04233409810837523,382
-0.04629250103816292,0.026078462767206694,0.01612880377305746,0.06242130481122037,-0.009949658994149235,383
0.01023348152448543,-0.00020277408318684909,0.083516047001015,0.07328256547652957,0.08371882108420185,384
-0.015245108592696455,0.08102965736523621,0.04687841811589,0.06212352670858645,-0.03415123924934622,385
-0.09493526733081104,-0.15551062262611082,-0.1320454462314112,-0.03711017890060017,0.023465176394699614,386
-0.0452719727502609,-0.03616134345704032,-0.06371352331609453,-0.018441550565833634,-0.027552179859054213,387
-0.16177120821503144,-0.0947406765770103,-0.08140215454245177,0.08036905367257965,0.013338522034558533,388
0.03488941892570671,-0.06300973012209901,-0.03761496116604973,-0.07250438009175644,0.025394768956049273,389
-0.015272276845539057,0.16604945797751294,0.08254630051869999,0.09781857736423905,-0.08350315745881295,390
-0.04096388330299365,-0.0942142507511078,-0.0814198912517633,-0.04045600794876965,0.0127943594993445,391
0.03725957043657829,-0.07336691377451339,0.021777661654470853,-0.015481908782107442,0.09514457542898425,392
-0.031429903676613066,0.05785150548989723,-0.09426486376557255,-0.06283496008895949,-0.15211636925546979,393
0.07956617950411998,-0.037563657209939566,0.016830004490312127,-0.06273617501380785,0.05439366170025169,394
0.17077518681297923,0.20391331558074619,0.1760016185545702,0.005226431741590946,-0.027911697026175998,395
-0.02190807173067049,0.04694532563459021,0.04357773023598665,0.06548580196665714,-0.0033675953986035613,396
-0.13930956966962108,-0.14953012194004092,-0.10326302367609122,0.03604654599352986,0.046267098263949695,397
0.031067069949193008,-0.057757540163335466,-0.010064732120277513,-0.04113180206947052,0.047692808043057956,398
-0.03710496071110392,0.008070650297547086,0.039103745035117474,0.07620870574622139,0.031033094737570387,399
-0.04553670824355573,0.11814572265182982,0.037887329121402656,0.08342403736495839,-0.08025839353042717,400
0.14083883581054965,0.1846530740664006,0.11421101590263204,-0.026627819907917606,-0.07044205816376857,401
0.009513450227318232,0.046926017949777694,-0.004198319645048687,-0.013711769872366919,-0.05112433759482638,402
0.13407434909271956,0.15830987112537095,-0.00844762889562804,-0.1425219779883476,-0.16675750002099898,403
-0.02124614981955636,0.006167037816827022,0.004609670004921606,0.025855819824477964,-0.001557367811905416,404
-0.08341117091856748,-0.015399589178717962,-0.004698282881069251,0.07871288803749822,0.01070130629764871,405
0.06720107664501512,0.013549566615398155,0.01149345157272337,-0.055707625072291746,-0.002056115042674785,406
-0.09581780443273061,-0.064837347060606,-0.07813968752739639,0.01767811690533421,-0.013302340466790392,407
0.015505310464233132,0.017745599809262137,0.051512617035660166,0.036007306571427034,0.03376701722639803,408
0.019387520178030943,0.13822757987549764,-0.009953798209357748,-0.02934131838738869,-0.14818137808485538,409
-0.05287453868305214,-0.08158134908332924,-0.05716609289543472,-0.004291554212382579,0.024415256187894523,410
-0.2264741313551502,-0.1886572155733825,-0.10208878367303409,0.12438534768211612,0.0865684319003484,411
-0.07199695338343826,-0.095830035710775,-0.1006273000458353,-0.02863034666239704,-0.004797264335060296,412
-0.014486019935920625,0.10814386930712688,0.012445026711828424,0.02693104664774905,-0.09569884259529846,413
-0.028652704798081644,-0.0773896098231468,-0.09729833726177023,-0.06864563246368859,-0.01990872743862343,414
-0.17238855557360794,-0.09301999620815138,-0.1695145188306809,0.002874036742927039,-0.07649452262252951,415
-0.04698070872573621,0.04069764564956495,-0.05698640602758398,-0.010005697301847772,-0.09768405167714893,416
-0.14310410405570623,-0.13917654704832938,-0.10690625234993802,0.0361978517057682,0.03227029469839138,417
-0.07772445222912015,-0.06667593141270906,0.004965871124015618,0.08269032335313577,0.07164180253672467,418
0.043688446064792684,0.09263397865435323,0.0571338620227093,0.013445415957916618,-0.03550011663164393,419
0.023758647942840515,0.037418774584398865,-0.003255743886372724,-0.02701439182921324,-0.04067451847077159,420
0.10050727527814178,0.010051219155556705,-0.0010552873771517168,-0.1015625626552935,-0.011106506532708421,421
-0.03164657895183577,0.09849013000645385,0.02899999355311857,0.06064657250495434,-0.06949013645333528,422
-0.08940898482068965,-0.023426585261351204,-0.05038904883576828,0.03901993598492138,-0.026962463574417075,423
0.11799886189168737,0.03958047764969271,0.041310431390007854,-0.07668843050167952,0.0017299537403151397,424
0.0187321842151009,-0.06719855778841285,-0.02458871481833043,-0.04332089903343133,0.04260984297008243,425
0.01647640659463237,0.00598923123393745,0.05805411856336847,0.0415777119687361,0.05206488732943102,426
-0.10833001147333855,-0.0599014736976706,0.018975768251628236,0.1273057797249668,0.07887724194929883,427
0.051538199398451445,0.04936873825867634,0.057185904429243394,0.005647705030791952,0.007817166170567057,428
-0.1154077003186802,-0.10986575487042236,-0.05531713276590726,0.060090567552772936,0.05454862210451509,429
0.07760669663027883,0.043981900349957415,0.09588928316081773,0.018282586530538894,0.05190738281086031,430
-0.04516642158574756,-0.10374741161646575,-0.052351257423718774,-0.007184835837971211,0.05139615419274697,431
-0.01707275888156333,-0.16757709034661067,-0.08426743209011583,-0.0671946732085525,0.08330965825649482,432
-0.35297372359548485,-0.15668410104044722,-0.18176601337228188,0.17120771022320294,-0.02508191233183465,433
0.05033687203720552,0.05714075788963327,-0.021210296649524552,-0.07154716868673007,-0.07835105453915782,434
-0.13052194110430915,-0.22940875175362221,-0.12121092813145991,0.009311012972849251,0.1081978236221623,435
0.057502611037768506,0.07312128847076436,0.02053787121934926,-0.036964739818419245,-0.052583417251415104,436
-0.11916201474293037,-0.10205834313377793,-0.1305905447282976,-0.011428529985367222,-0.028532201594519656,437
0.07786876129215481,0.03055828977510716,0.0033044236978175706,-0.07456433759433724,-0.02725386607728959,438
-0.09005987479998583,0.050591210752320766,-0.011692708220019275,0.07836716657996655,-0.06228391897234004,439
0.003147271921466077,0.01273120096463861,0.04974899074363329,0.04660171882216721,0.03701778977899468,440
-0.1086567668599462,-0.09149427576606421,-0.02553436658862963,0.08312240027131657,0.06595990917743458,441
-0.05498403838632407,-0.013069601838806684,-0.057539348799430755,-0.002555310413106684,-0.04446974696062407,442
-0.08323399962604747,0.02554276368029088,-0.01652046814029422,0.06671353148575325,-0.0420632318205851,443
-0.06350103178435024,0.017157343602073123,-0.01768719351610681,0.04581383826824343,-0.03484453711817993,444
0.023888745456419353,-0.1263295661691406,0.0016148100947082438,-0.02227393536171111,0.12794437626384883,445
0.03163944337971364,-0.13185449117276307,-0.08402915737097907,-0.11566860075069271,0.047825333801784005,446
0.02606912685471071,-0.003678761677728754,-0.013353144601368347,-0.03942227145607906,-0.009674382923639592,447
-0.0011314232185721373,-0.006191955216235723,0.009217792255282459,0.010349215473854596,0.015409747471518182,448
-0.08294941040320464,-0.1075480419784819,-0.04806162277501285,0.03488778762819178,0.05948641920346905,449
-0.0020432840423025202,0.02891049990919657,-0.016716078057514912,-0.014672794015212392,-0.04562657796671148,450
-0.07857026309305365,0.045298950721444936,0.013125401123573872,0.09169566421662752,-0.03217354959787106,451
-0.12103583241091573,-0.09037334982829819,-0.11208518156656659,0.008950650844349132,-0.02171183173826841,452
-0.09812361188925478,-0.04156597648834757,-0.006431900041161362,0.09169171184809342,0.035134076447186205,453
-0.1594434488977801,-0.10876624784160308,-0.0802557210388015,0.07918772785897858,0.02851052680280157,454
-0.08600907566305778,-0.0005187467071318657,0.00599749486919785,0.09200657053225562,0.006516241576329716,455
-0.10826388285040577,-0.006105482455699897,-0.032292730148508114,0.07597115270189765,-0.026187247692808217,456
-0.042041949601739285,-0.16493946723835418,-0.09230403751971057,-0.050262087917971286,0.07263542971864362,457
-0.11145873088536352,0.07155672795065146,-0.03457565466493656,0.07688307622042696,-0.10613238261558802,458
-0.10570191191977832,-0.041044631890578755,-0.04219239437439564,0.06350951754538268,-0.0011477624838168857,459
-0.1632519556432595,0.044389596683165625,0.011593236450796641,0.17484519209405613,-0.03279636023236898,460
0.06613961466438209,0.06781604784324574,0.01603915776454133,-0.05010045689984076,-0.05177689007870441,461
-0.0337706883877964,-0.18056627868304975,-0.03504385635347025,-0.0012731679656738518,0.1455224223295795,462
-0.0012261895115428315,0.03744224636220408,0.06143152719892315,0.06265771671046598,0.02398928083671907,463
0.149208694861022,0.08622891418787527,0.09159781555053281,-0.05761087931048921,0.005368901362657538,464
-0.011144275756491202,0.07984459522788041,0.025931764041786317,0.03707603979827752,-0.0539128311860941,465
0.016179208542210038,0.020509386015209585,0.012353093682203772,-0.0038261148600062657,-0.008156292333005813,466
-0.10120051238808946,-0.17184073594900728,-0.0744739166288447,0.026726595759244756,0.09736681932016258,467
0.10155217288119171,0.12461877393863308,0.10790438999177836,0.006352217110586641,-0.016714383946854715,468
-0.028309212614369795,-0.01634204682901476,-0.05412968521970346,-0.025820472605333666,-0.0377876383906887,469
0.026501893149582963,0.013904321663022752,0.046906413831540116,0.020404520681957153,0.033002092168517363,470
-0.0024909959486603787,-0.10356967008815399,-0.014860614996659728,-0.01236961904799935,0.08870905509149427,471
0.03589096604417735,0.09597977265164223,0.04263755477340755,0.006746588729230191,-0.053342217878234684,472
0.019475887951896143,-0.0622902888605254,-0.0024493842748219913,-0.021925272226718133,0.05984090458570341,473
-0.0554915933311892,0.005588106211549868,-0.004340123946895769,0.05115146938429343,-0.009928230158445637,474
-0.030503326785170003,-0.009818103080829168,-0.014034228652148976,0.016469098133021026,-0.0042161255713198086,475
-0.04714665976345149,0.01819167182043604,0.041227351898816544,0.08837401166226803,0.023035680078380503,476
0.2129210779917794,0.022003283042372805,0.07398782445068704,-0.13893325354109234,0.05198454140831423,477
-0.11961866272764557,-0.09765669902966845,-0.057752178088319034,0.06186648463932654,0.039904520941349414,478
-0.14835168897890894,-0.15293430356477494,-0.08448549015140111,0.06386619882750781,0.06844881341337382,479
-0.045265078994095126,0.09148823718384802,-0.021279158519908074,0.02398592047418705,-0.11276739570375609,480
-0.0656316588182965,0.031067208053299298,0.020606414372727293,0.08623807319102379,-0.010460793680572004,481
0.01701601464705932,0.060088097346387044,0.03880409919771344,0.02178808455065412,-0.021283998148673607,482
-0.002691615656160814,-0.10037409314421068,-0.005641378185235136,-0.002949762529074322,0.09473271495897555,483
0.08085617486842873,-0.0870606055926241,0.05733109598497454,-0.023525078883454193,0.14439170157759865,484
0.06847753384881142,-0.031772786052474356,-0.03413643093171932,-0.10261396478053074,-0.0023636448792449674,485
0.023855716137320127,-0.015249030043869388,-0.0438156542177639,-0.06767137035508403,-0.028566624173894512,486
-0.10003619076843473,-0.03379824497790665,-0.11169419923808148,-0.011658008469646746,-0.07789595426017483,487
0.02626104993567765,0.0836699705203616,0.04979785735309723,0.02353680741741958,-0.03387211316726437,488
-0.1244770341712151,-0.09296707634729223,-0.12592714168775307,-0.00145010751653797,-0.032960065340460844,489
-0.039146099037546206,-0.014386088740617036,-0.002121082562598041,0.037025016474948165,0.012265006178018996,490
0.06953092465099514,0.08429303362278989,0.0008000054408747495,-0.0687309192101204,-0.08349302818191515,491
-0.15312023986315557,0.13827760230417183,-0.027438005596906487,0.12568223426624908,-0.1657156079010783,492
-0.08330822729110203,-0.1303028989284271,-0.0653435489997359,0.017964678291366123,0.06495934992869119,493
0.12773379558805026,0.287878255216496,0.17941355973723036,0.051679764149180116,-0.10846469547926564,494
-0.00834402304680204,0.031078796562930333,0.05542867156298818,0.06377269460979022,0.02434987500005785,495
0.03381903721637745,0.04309934160329858,0.002560214778995027,-0.03125882243738242,-0.04053912682430355,496
-0.09049821628225779,-0.09781234199754006,-0.1254162152842056,-0.03491799900194781,-0.02760387328666554,497
0.10308788214554654,0.1492813365017577,0.14306594893413632,0.03997806678858978,-0.006215387567621391,498
0.10979642929561423,0.13493253319152562,0.13477644028354782,0.024980010987933593,-0.00015609290797779555,499
